icao24,origin_country,longitude,latitude,altitude,velocity,heading,vertical_rate,on_ground,callsign
0e8e11,India,51.27304936507025,-41.24942799352325,15625.524523918386,322.4224262283258,188.1360084532034,-6.954539710987236,False,CS6367
04beb3,France,52.1016068645761,53.684724721936874,34697.242745981,277.20773162951417,145.05766199332868,7.745958811629336,True,CS6692
01fa74,United States,179.58424102035428,2.3938183786105895,37412.14762678424,159.64678399909735,56.6038954321278,-2.02551757145163,True,CS1637
030315,Switzerland,132.32374673887233,63.15055007631838,29640.73330939472,317.8945911411761,142.5932635280731,-1.5042745673684124,False,CS9234
0ecd81,France,21.939471194926483,36.97333278733882,19159.394781105537,419.22835335554277,140.4303117295476,-10.679064080463935,False,CS7925
03e607,India,-90.5624265786851,-63.03775796510274,10029.523005523853,386.2279552650743,34.38123600090444,-9.867956995632113,True,CS4617
0d4e6b,Australia,17.740275788537474,20.150188150523434,39363.7171891186,258.34727615902614,272.20248328675024,5.509056023167783,False,CS2525
0a7cd9,Switzerland,-31.952873359733474,35.08882216574467,25956.11468423665,431.25030154714875,268.2752377228986,10.938443084663493,False,CS1950
0c3766,United States,-165.7752786829239,-63.4633398488176,38393.68510895471,615.0213342508944,154.42619647157153,-4.841286689230115,False,CS4838
0d9b05,Switzerland,155.57419856383422,63.99404694462527,23640.616029930683,876.7983517588467,200.69381773669994,0.7034656636876022,True,CS6307
0c35aa,Germany,80.9912824180517,22.31712230312415,16562.580832384036,803.2654389475464,204.48527687928794,-13.633362317737877,True,CS9354
0b824e,United States,-45.35780113128493,66.85065354891918,31669.729977483894,874.2747728350852,158.264666793235,3.443073137469444,False,CS3685
06f6b6,Switzerland,18.249460476947178,-18.67661078309679,23061.5417761797,457.5948684665431,63.00417812853552,9.666658411673744,False,CS7334
0bf80b,Australia,58.19292736790101,-84.45253077573875,32612.650791544875,791.0186422267203,190.77203738498162,-2.3371502369244297,False,CS7182
01ff2b,France,-165.4560307122862,69.9229041387363,39585.65890818773,382.17271105979614,132.57142125252676,-6.196524104710205,True,CS3206
09cfc0,Germany,5.833957378002765,54.50962558845953,28706.015566040973,268.64310858908664,325.32750932695825,7.244128064739275,False,CS8310
08ae40,France,43.10396024161966,-79.18048452857612,18727.827346880593,275.1166206818661,182.18131801821363,6.010470519756016,False,CS7056
0e9661,Germany,-164.4884340089267,4.628410815296903,23602.062202976744,896.2016202956383,247.02906957937535,-3.202750191523762,False,CS9879
0c57cb,United States,131.26088296130587,-85.47843093323273,33162.13177504456,222.45892451137334,353.4854803261528,-5.212133828846097,False,CS2828
0d1303,Australia,70.7106268230514,59.09490220462706,24876.734624682744,893.7321819987726,2.3259354008669275,-10.452404351973591,False,CS5214
01c76f,United States,-38.82471738364788,68.58373040002263,13352.816456135044,686.4448643723708,199.66384496370716,-8.335742493343194,False,CS6082
0227f7,India,-8.550012862233814,74.49933517931737,20163.10023717759,450.15284595020256,321.8210275759415,-6.091563733081477,True,CS1585
02de84,France,-26.272615601840045,-55.391741618638825,16437.466150903063,400.7642644911546,52.0550871287109,5.9039935377234585,False,CS4261
04efd8,Germany,-137.80875092729107,-5.427140639735313,30238.300895028453,471.3343888058522,266.15233466657213,-1.05147812436973,True,CS9580
0da113,India,-16.74280375359936,2.5164974645544618,22261.47207621427,192.47594935442973,76.18294157981583,-2.436166810236932,False,CS1474
0757ab,Australia,-0.18237971959251809,73.21797637505347,12362.645434587916,613.3243049848744,72.95731959127242,-8.52383189091557,False,CS1983
037ae8,France,99.83984529355155,84.92814723920682,12090.340148406844,404.7570620095919,56.33955231617498,8.965039551574058,True,CS5257
07cd7a,Switzerland,-121.89438429956829,-44.2827314903988,19824.497186363697,558.3128835349556,126.1831006630817,6.754059018225345,False,CS3002
031b2e,France,-135.4264282801778,-0.15323024994224,33899.79833370245,885.0180410021032,293.75508474688786,1.4362471420588818,True,CS2516
0d1be0,Australia,-87.78496320774263,-19.034722757888034,31859.91816980915,594.1682675496543,285.91027056613433,11.164951880264326,False,CS8965
03ff74,United States,125.45505483038727,78.4231683323838,37980.56238907568,657.3395450160347,58.328216067812065,-14.935293847120697,False,CS3708
0e9019,United States,-4.150115839835053,48.41546758098636,21907.489501097967,462.96411879301553,151.99118285043875,-12.010032104003962,True,CS1867
07d938,United States,95.78671359956445,-69.24859068026751,12818.828518796665,332.1312058439952,149.8233725376312,-4.932646040712353,True,CS6337
069d60,Switzerland,-169.30400014981154,-50.69248902725443,19217.054063119416,647.3435489542276,257.6793210312822,-9.254835877061364,False,CS4937
0862fc,Switzerland,-123.93377932045057,-50.356057494828335,36042.73234467828,694.1814949349606,104.59822240556056,13.700342912216069,False,CS6740
0b7c3e,India,37.68848466578709,-31.81901229549696,10407.360418074728,198.4529646277856,137.51879468972632,-12.448802533281734,True,CS8588
0b738c,India,-1.973223008345201,-79.95781151570051,29947.0287309867,806.4734203115802,156.0808209668868,-12.564093404614498,True,CS6131
09486e,India,-127.04501840150144,-41.47259046242422,21044.473425952245,563.3291153385387,40.256514337803765,9.824626449042405,True,CS5870
091cb9,India,160.15435378708452,21.63585094758882,23009.590621834344,303.71275388429103,8.266331263491832,14.736125420247348,False,CS6830
024255,France,89.3735593305251,-62.64660292408345,25492.82134844421,651.5321492521812,274.5621551026983,-4.336534866345353,True,CS6880
06c1a4,France,134.22902929793702,34.71107446809833,14803.871128591873,504.67832756874304,96.2632094200494,7.414749146962137,True,CS1617
0647ac,United States,134.84298509192917,6.403194641873995,12891.757607752017,246.87995545902845,45.125632305681634,-5.621634545088787,False,CS9032
0e7d36,Australia,-18.70511262195052,-50.52785899332227,13938.26416359278,889.6061789448266,299.20833030776566,2.784513899808953,False,CS7202
089f08,Switzerland,-94.42341739645396,49.78447985182035,10702.23118727803,487.97571167621106,101.7184032585499,-1.9625158098797932,False,CS1288
0b9953,Switzerland,88.26210389216732,79.15275199908956,11320.838896126177,208.71584138778016,289.9987901848738,-13.18903204591186,False,CS2712
0c21e3,Switzerland,-72.68959428004831,-76.93241335974773,12607.038048608387,839.4392995535079,246.94735913415286,12.968467578050191,True,CS1021
02a1cd,Germany,-81.39850126179579,-70.09567487405121,36970.127044918176,562.073926660828,238.23880358652636,4.39310907346168,False,CS6249
05e276,France,-171.1840142493881,-14.48237007514696,18494.65276596202,549.5350740198455,76.87881713698827,8.572789532237074,True,CS6466
02bdaf,India,-67.959790018378,7.970025681651819,21895.31744598385,865.161047257745,352.0308695354414,-9.748449107941235,False,CS9746
09d4ac,United States,-97.71449773582714,-73.45846003740243,24742.637422354193,785.2861718902794,247.42657256111752,-10.636085112587866,True,CS4540
0d9638,France,52.94372465300677,-5.273976160787058,38973.93537305163,193.14868467362976,80.87490430280712,5.433652883067989,False,CS5961
06390d,Switzerland,-154.63152025523755,-6.252750309380772,22990.5253237664,607.2063495910984,19.732837561517712,-3.2009464347991585,False,CS2005
0c67d6,India,-42.98338885157139,-19.768545336805914,21508.16926453873,645.1416518465032,282.1897049113991,-8.732682326021159,True,CS4373
0dff5a,Germany,125.18467710732102,-70.29974393437982,21995.564887915378,187.21372778752203,13.974711190054547,1.3892919760167395,False,CS3605
0b46e9,United States,119.58176710926426,43.35829382099442,15028.81425623627,182.90155164492393,152.10459339898674,-10.985367632973322,True,CS4670
0436da,Australia,54.80283234253832,51.40064247279523,11237.311079941714,413.4221107382494,137.04736924440863,-5.802311088135493,True,CS7561
08816e,Australia,-25.406134804777082,-47.46129617261943,15104.042111811652,683.2204778358505,182.8141813094255,2.4024373721263785,False,CS4991
0ab986,Germany,37.351680653184474,53.123782269650206,13527.679126010396,325.97853869380594,5.78900229221925,-5.959099829322952,True,CS9778
039d52,France,46.66027430969868,-10.877449750929088,17404.221816250578,758.409982737611,307.9998195659751,11.70830284923866,True,CS3133
04ef1b,France,152.61880049458165,19.173118857328546,17997.2051877178,765.315912106976,291.42168620890664,11.808046921026435,True,CS2803
03d6be,Switzerland,28.07057875120509,46.530308089257574,15519.249014501764,549.9418709869501,181.29132478896446,6.42490553702789,False,CS8515
07aecf,Switzerland,60.956539389591796,88.2787695242954,29099.6617572309,483.34376591850184,279.9264722775426,1.655745292541834,False,CS9684
056267,Switzerland,151.4216931574926,-27.009645099683574,29809.567082406367,598.2702538567623,279.255094032831,-2.6603022618904504,True,CS3937
080417,Australia,-177.6058081287358,-2.942685352878584,31857.68695079442,301.72456511633635,217.40747756723334,3.3673638830409267,False,CS6694
0a45f5,United States,-27.1731196506135,10.465432142648751,26417.44454290676,314.8768670544422,85.6753848572565,10.101981727354673,False,CS6768
0ba848,India,164.92107118994267,-6.668864808371296,19316.625163305725,236.3447337484344,80.34345108047454,-8.026841727682816,False,CS2005
07186c,India,23.704158853955562,-81.4299057397246,10774.811379033208,647.3781310095421,69.76070766912596,2.8314221778291575,True,CS6519
0b24a6,Australia,108.29218252040857,33.39354752488008,10240.03071462932,255.9726207228983,213.30694035906694,-11.710154020008094,False,CS9039
0ce8b8,India,-133.0088334684906,9.804498873967518,15142.709982464294,466.5195122590294,305.2419723907182,4.2370247713444265,False,CS9758
0e5c65,Switzerland,80.85998017827876,46.39566798976813,28607.05972040035,618.5847480929492,336.2206486901019,-11.120788825411232,False,CS6256
0ccd0a,United States,-140.69292979855425,-72.91821553435645,10395.150269210459,829.7539630289774,326.2256586218594,2.986371081747137,True,CS1863
0d0aec,France,-44.110723912720744,25.063156284878445,15775.564076939077,853.7291992013644,274.1362564247838,12.236534438557545,True,CS5437
092aca,Switzerland,90.56314426162629,63.47914394482598,20316.923387292663,678.2499784594067,136.032219418403,-13.95454028322636,True,CS3830
027c06,France,-93.26769022453435,46.96908236612103,25959.394123138773,678.6888128263785,13.652236122491587,-7.297696267785359,False,CS4368
041775,United States,17.784960715305914,-5.036778501254204,33905.693626657645,684.8507366523428,168.52204460901604,-9.126594877479953,True,CS6210
0efedc,United States,139.35251624581326,1.024410407258216,38109.0645108937,419.91849099622584,93.15502351334615,-13.88996583420512,True,CS8184
0b562d,Switzerland,170.2893293384575,39.76665829388753,18375.780969516127,558.8719912898368,301.9983038484679,2.193232414717915,False,CS2363
0ecaff,Germany,-44.981982255291626,-59.08840463050907,19930.11127519839,487.2278131259431,231.8710344150435,-9.382639973319066,True,CS8658
0360f9,France,102.87079026036469,23.414880751534554,30664.791751886623,527.3842556899706,171.04747503802548,10.441320671999343,True,CS4896
05f8d5,India,-80.88780175113314,42.838168103290684,24098.124798299108,611.202797609308,128.2597317009109,9.149525709181194,False,CS1073
01d1a0,Australia,119.87916771351149,-67.49628007120718,32342.709301067378,762.0406702812029,292.76516404918556,12.967041737416967,False,CS6778
0786d0,Germany,38.626009198091424,-0.5367925301875687,24661.31368562327,560.0499612049869,278.0261172075784,-1.0521902813133703,True,CS2218
021aef,Germany,-20.169533586913843,14.98887439374198,38410.96172799167,666.6220880369011,340.5797604364923,-3.386439597119683,True,CS1205
09e509,France,162.39697467726734,85.5697592532602,23289.253482812368,221.2203100783259,248.3483154445808,-6.653716086385758,True,CS9646
08aaf2,Australia,-11.531720089143647,57.447129629010846,29602.94281710861,505.19786722014373,152.85620553912435,1.8032933631570423,False,CS6879
099efb,Switzerland,83.21161077205244,-24.547596829226777,16584.452746449027,568.0816926817054,216.85906036056357,-0.959001286333228,True,CS9186
0c4aa6,France,9.721578428604147,71.34212401274226,16750.968058714727,213.7767888102225,280.26812950693824,9.265907033493217,True,CS2489
021519,France,132.9994284825226,-59.047754525146104,12264.65283060166,256.39468878147,79.66932422604536,-0.9128224295738754,True,CS2608
03cb69,Australia,112.02364043357602,53.239464975097974,19870.510083928395,347.06202621499955,52.22632920697785,-5.964105329691256,True,CS8507
0d685e,India,-137.576716723792,-77.458644280783,10853.922390686084,558.7911923322847,300.6271564976506,-1.5723291918469542,False,CS4609
0c2016,Australia,-93.49528804852595,15.573212665417998,23414.293460293098,712.9143512987642,195.62092100961686,5.111485564352655,True,CS6199
06e7d4,India,-32.00162160084696,4.2762915642227455,29742.820458232894,275.8727614556683,326.33200411476616,0.45822439267625015,False,CS1230
02a914,Germany,-114.99960659923511,-17.994057128058216,32727.428376508906,860.3110702500225,316.53689051537265,2.928544828168313,False,CS8874
02fe2f,United States,111.99008274990956,-21.777185049549658,36367.383749734116,611.8889511362227,28.554468976761477,-7.155703943795283,False,CS2355
02b2e7,Switzerland,-79.80825190267701,-68.24206688015848,14199.246966935416,859.5179710406933,203.63539210320286,-14.27727635456793,False,CS5598
054f1f,United States,137.3423194245268,-11.302263003074245,24539.174358448894,895.897626537919,164.56646355801212,-1.7579236115608783,False,CS5474
0ba774,United States,90.5882097475627,-3.547853388591605,14635.742362882405,812.784809533246,48.97088853901184,-3.1433783004011744,True,CS5067
053bc7,France,2.024780195775662,-21.810051341959777,27216.577924274887,236.64991458869318,310.5259313915795,-10.251214330018048,True,CS6286
0e0079,India,15.344493707677657,-52.64693204927062,36163.06654066718,433.12994856101045,31.701884213111494,-7.658588256633967,True,CS1943
09c7e8,France,20.778088848922692,-18.003870690482202,22446.39209289776,686.4787742329016,107.35292074911584,2.1029466031258686,True,CS5142
0296d9,Australia,-160.83900758054222,4.44421734429848,32681.573403269136,638.8639833917421,152.59070060357143,-8.542979371197818,True,CS6533
0191f6,France,3.292099258493778,-56.04718010704323,13617.458278284463,887.7365612438788,242.43362438384952,1.546661674399246,False,CS3151
022b61,Switzerland,79.46676169886479,-43.75002993238663,11728.153171359721,770.8956853691749,258.4340479273391,-1.6404231498671553,False,CS3048
032312,Germany,70.80951067264394,-46.04186709371803,32869.10142273955,358.54774736266404,79.78405073517796,7.3548484171769175,False,CS2471
06b84d,India,93.35303933724481,-35.440348555589814,20357.894753710534,580.76389143231,179.08923256700336,4.380123429995713,True,CS7121
09c150,France,23.3325780596941,-81.99249606377282,32167.405616995755,597.717476602781,29.810942307425336,-6.365499911998283,False,CS2088
02244f,Switzerland,2.5592447643765013,33.475300954089306,13200.494570743946,181.65827446877466,22.605093766784705,-13.535943785563425,True,CS7903
0bb063,Switzerland,165.61882809654668,86.66801462076262,27771.133617847667,238.58882427672285,233.0511628550993,2.656959848443826,True,CS3339
0e92fb,Switzerland,-5.838769594238016,51.246737607502126,21513.030620696652,224.94707469067822,242.78316335602486,-3.3275769884983006,True,CS5585
0a39da,Australia,106.88976822272343,-81.35772869865521,15401.042104199505,809.7170642214948,38.9349298929374,-3.583010135868699,False,CS5609
0b2aa2,Germany,131.80765546666544,-29.480342721265153,10391.538832273123,255.61198444156668,287.42359309211355,14.358970634989252,True,CS4441
0ecadd,United States,-44.773047155503946,-1.3725552785323316,20671.44706521332,278.89376822135046,178.4384201004816,11.221519790399359,True,CS2391
06cd71,France,69.55360953669094,-0.8287143809993296,26303.749116608167,774.4060054838731,57.67143574023177,9.140127968397845,True,CS8645
0752b7,Australia,140.73118408116602,-57.816089546706415,23728.63706543007,881.6473211334261,279.8356755748422,2.054997845074851,False,CS5325
0dcead,Germany,-140.50546530438822,-5.779591677726685,15325.48942661166,249.25391536448802,0.8690536160545737,14.708853516583606,False,CS4335
0203ab,Australia,-78.81075224997203,-25.946111109793193,15874.133473313133,305.8883262186516,319.0213217018284,10.237105488906916,True,CS9645
0a6f39,France,57.58466797709414,-66.14737948544061,34404.99440369564,505.01631332742136,265.03453050037945,-10.150009717560737,True,CS8864
02ba4f,United States,157.24153353019994,-85.55964660498951,16983.633288113073,198.65810426354696,69.25123067888488,12.534526878777378,False,CS5795
055af2,United States,-114.23484419321674,-22.35783029495343,33307.51404688449,399.1530201418959,230.78007577442386,13.10160963393226,True,CS1411
089a75,United States,129.68859487771567,-75.31264005616885,29723.216936184206,285.3055026199148,265.0325535913161,-5.711686806309736,True,CS2937
09b76f,Germany,61.71362635274636,-70.37900622908003,28702.517842579,401.23494603313554,162.7780071267512,6.109258414243712,False,CS3199
0cf9f5,France,2.1916156549175696,7.267789539548403,27482.291817042616,218.74882222641475,9.36051209107919,-14.46643396317026,True,CS8898
0d89f1,United States,66.6544727726833,-11.810472471206126,16288.800930742722,838.4837780591203,81.6292689966846,-5.566513476479505,False,CS6643
01a534,India,-17.61491863545419,-34.942142212978666,25973.231507738878,648.6258022769252,358.0362096779311,4.7708656868122645,True,CS9843
075c50,Switzerland,-24.408152162581672,-72.24159214148922,20091.94694764106,346.82556659546117,188.82878941096567,13.508628572148638,True,CS5279
05f7b8,Switzerland,-116.7450381550828,-63.54755002874474,14635.419251620995,640.3151649819698,24.57383755554895,-14.480661467946767,True,CS8294
06a5d7,India,2.1389646906209236,-80.6148862487551,25396.87782340892,661.1553196954325,253.57299295344345,-1.1383934972749987,True,CS4495
07518c,Germany,-2.937119229978549,-20.464182501715698,26633.46605999792,184.49446983362878,248.34396895259502,-3.9075853564093563,True,CS3641
02ae96,Germany,14.572369817974675,81.28104058040472,18969.603944333718,674.3402899092781,352.0667196366361,6.728928748423677,False,CS3366
08bf66,Switzerland,12.508245000074197,-51.17192529528241,20976.70351405489,345.58700026597927,48.59302440117168,-8.467994943744689,False,CS4131
06cffe,Switzerland,32.881212614822374,-29.68410234089336,30573.155408728813,797.3728884866044,196.4184395574721,-8.483764385340262,False,CS4791
03e8e4,Germany,52.07111364165118,-73.41147884314833,12738.191228313412,523.063178271135,315.78197989031764,7.048335795924093,False,CS3126
07c5d6,Switzerland,-176.50724672232556,65.96275151672427,11488.287032584167,373.7071248152486,102.07998700602806,11.703680667950358,False,CS7290
039227,Germany,123.87059249191952,-16.484207275478894,32678.331760181896,713.1360081745225,46.47780046944721,-7.944183450428795,False,CS7903
05792f,Australia,73.28547730845554,-11.16355809000811,15304.366126351484,297.0415795663663,272.6396208249091,-6.149154417146272,True,CS6636
0bedd3,Australia,-94.13581417876824,-45.573982876451225,36640.96940624387,643.0374443039425,235.6945893279402,6.2376904419639345,False,CS7141
0b05f6,United States,134.063769257851,85.91147039208826,34178.202440986846,588.3669693098932,157.6763014888333,14.592217287581473,False,CS6059
03526c,United States,-2.4868468304688918,-2.026643618132127,18308.243426476623,741.2040501396722,141.92756255058546,3.5313506915787656,True,CS2420
0c98e9,France,-99.86509484738067,81.88036764604638,35135.37674653181,243.31360662178633,6.943802796661269,8.219694510420375,False,CS1799
06daec,India,102.60500579231189,11.145587928079976,35378.885503764104,156.61913087541677,163.01545003834002,2.7587218133026497,False,CS1843
0a8205,Germany,-153.3848469475261,-9.689264666193623,27054.502818010213,781.1925476030319,233.97825664424525,-13.39192263258463,True,CS6773
0ebb0e,United States,-124.83564957192137,4.170442034465751,14869.31270455042,721.4307093052513,80.6758791226137,10.136714715546507,True,CS9969
02c67c,France,24.42262175727734,70.80646257798844,31016.639843713147,451.94497344728575,299.28326159919214,10.319612495364929,False,CS9015
0c75cb,France,78.06889783466846,86.80506268648733,23683.338731187207,762.0732387426051,25.55213028846063,-10.39469530669066,False,CS9759
0e0905,United States,17.675097717081314,-35.296279457379356,14732.15069959794,350.99633371951023,196.111436570603,14.02296880927803,False,CS9539
073619,India,-105.03448408072947,45.54358647311068,20679.169026593474,644.5881576965905,11.99354208008729,2.202745281085548,False,CS5686
0867f0,United States,175.64745487646837,-14.183517617758866,35656.7028282916,755.1474432031197,113.76123698499653,-6.025849949180683,True,CS9402
0c955b,France,-62.84749385515762,76.30910242450224,28341.3228574646,267.05793951249024,220.52453637909727,-0.038449953066137965,True,CS1949
0f13aa,Australia,12.17161975758853,-62.636085131063986,26590.675913908177,621.749518792117,277.5763030759459,-8.310597251299289,True,CS2263
0619b4,India,44.05535039891106,39.29056128137958,18997.426157076785,262.9292295980108,25.30620782440952,-14.379161111821755,False,CS1899
0db9e8,Germany,-150.49886704393262,-46.59503309442294,26756.306795600856,518.3749998728665,133.62554081173258,14.800049335957137,True,CS3299
0a0bfb,India,-28.5454335149891,7.503873819988641,34659.35102532315,841.3734982998283,26.774372866405095,-5.094680925083463,False,CS8063
046a21,United States,-148.21923242174248,51.2425792011943,33799.62903260785,345.56494574908584,301.1135845837093,13.467423150876698,True,CS7993
0a3803,Switzerland,-168.77907882749892,-70.20134339243074,32147.12446224264,750.360191290652,88.6126016033173,13.79135632132401,True,CS5048
05004c,Germany,-52.06680883978808,-24.96371967772319,38146.25707602648,747.562184281288,290.280704720401,-0.6323644111336932,True,CS2781
07589a,Switzerland,163.28698517034962,-81.33463075020563,22455.304494903874,485.25919856321923,227.74685616497297,14.406885679644581,False,CS1036
0c665a,Australia,-122.72739511778626,82.27508356145412,11981.960465207565,544.7945072588267,153.4202804938046,-14.982945451154677,True,CS9364
0d0143,India,-94.49777203743898,-63.5708962671406,27806.27957354589,284.8084284903558,180.0413679196096,11.251400802136601,True,CS4894
0cd6a8,Australia,-9.719830627061924,79.97707415530033,24255.517649043155,706.6830565163474,173.5128607430941,5.163161918831502,False,CS2157
06202c,Australia,99.19088333957023,-69.04090449120865,28390.294395353187,536.2733019805531,46.779672876159054,-12.765637694073186,False,CS1510
089c74,France,-3.1110710891294957,34.6903788821423,34159.08852114794,231.35443531126572,357.76993616454166,-11.112730103213176,False,CS7093
0992e7,India,-34.02816803398338,-86.3706022595698,39867.64542548258,454.0332876971372,254.59692841581835,-3.7044494105914563,False,CS9060
08391d,Switzerland,-125.99317312269457,-63.75392970187602,25554.292102772088,219.2974275621899,132.3583330908566,-14.369893860418186,False,CS9615
0f0e36,France,-171.40468650827455,-78.94118604835016,31756.868725310254,300.4228496915151,141.82012857924823,5.931040504986981,True,CS5459
03a07b,Australia,-128.94327935356102,-3.7116550125743117,36363.98418192688,631.3496499872384,312.0899471517206,-1.6359939881099734,False,CS5832
078f38,Australia,107.79536040721365,74.05537945443808,21561.73720102961,781.8380272662193,238.43647405158447,-11.623103961469745,True,CS3762
0c2f89,Australia,-145.2909142623675,45.49236889149529,32787.993306073964,807.4526063635441,118.71767905899964,12.43620512244826,True,CS2693
04933c,France,-19.04984127448182,-69.70984264121921,18757.11289237852,239.84671962304603,192.14546384943787,5.844497892966796,False,CS7604
078509,France,13.27618650915744,24.77043729922302,21250.37314773456,702.6029066783226,41.68756703210855,2.9498272464525748,True,CS7227
08feb1,India,-101.20179031983274,85.06260285286479,18780.1051275929,824.4375521104067,337.2946364748527,2.4499158567173964,False,CS2913
087283,India,14.22983489909592,-50.06532857830935,38817.74650025954,578.6801391020639,265.2463879055627,-2.6263941269136364,False,CS3313
0960fb,India,75.76225702795173,31.03137081846485,24405.89548885275,166.07786122941687,150.77351920510222,-6.456091432466046,True,CS8298
0efad1,Switzerland,-47.95116805768379,-2.812684756159129,23794.561102442825,318.6425902836278,211.96567292862704,11.684543697542765,True,CS8568
04cd3c,Germany,163.79208061675615,-69.07430968154435,13529.952116607139,319.1119812798056,117.43080889817612,-8.720428346468557,False,CS8914
031f60,Switzerland,60.46314524532963,30.214503117460723,23544.674185657357,434.67336288573404,85.43384347489818,-4.225661860160386,True,CS4375
0ecd0b,France,115.33144129209336,-66.90000320248075,16071.673265671368,541.1876641738081,248.34184477490476,-11.38592361745823,True,CS5867
022cac,Germany,142.7834433233818,87.47571799049837,16995.51633827501,150.63836378909252,173.98300036708116,-7.495540641815154,True,CS4959
0cb1fb,France,8.383617855948955,-14.028752266694298,25567.20721355767,630.5922028737348,343.21525961338943,-1.5028738902116388,False,CS7704
065a08,Germany,-142.6833680962328,65.53739827666936,20603.98830909936,211.70832667166104,226.99339524219883,2.4836731399963696,True,CS3016
07645d,India,-119.98271440104098,-11.18395406654237,24552.496073303882,334.2987171442965,87.27976821864186,-4.105792253945571,True,CS7206
06dd36,Australia,-120.89553276443917,12.009264247095018,20382.681961521754,303.6769006943304,343.49410482681395,9.635089535832847,False,CS3008
0e70e4,Australia,-136.55274698804388,-36.3636636571045,31180.234181837743,524.6310487158453,184.49503605354963,-5.243687287398821,False,CS4144
0754c1,India,-127.56876795105813,-32.29783763543826,20265.31126054638,319.41882076623483,18.217622551292678,-7.141026226354688,True,CS7041
086d7b,Switzerland,-82.32326860472041,-26.246149856672055,13803.947841255504,766.2754886559286,85.5610915068932,2.33569282786452,True,CS6196
07664c,France,-98.46421904204723,87.6916419665053,23368.771489550814,438.1073939181809,182.66375887802053,8.875903296018606,True,CS8506
05e218,United States,-60.34999288686389,59.75606860064556,39679.261822199274,612.436982846303,311.2269464996755,13.50645537440483,False,CS5416
0f32b2,Germany,-143.87803803253277,-58.57703155117714,22030.184396356108,352.072805972952,217.39752466541458,13.056160713241493,True,CS6757
0c2fec,United States,-38.592315940833174,-24.405684412967872,31625.55763517502,823.3780538039641,168.59163348669622,0.8338891107351536,False,CS4162
0cb3b7,United States,131.52739314195287,-12.301461209764227,29191.218512210446,330.0694110958872,90.54188845344332,-12.971168566153889,True,CS5045
0a266b,India,-110.50153857334885,-28.626092238884397,10475.586938428227,717.7503243937294,224.65412760361116,-12.367477106564149,False,CS5461
080460,Germany,130.88507264394946,53.58154073673691,32628.157353196573,266.91129629525375,250.2057223510663,-4.275905162338132,True,CS8125
09baa2,India,-84.8420801952238,-22.475122308970285,27937.44166913382,291.74801362946266,238.66478174649896,6.813358833798446,True,CS9034
0a1fb3,Australia,40.62419863867973,-89.18091912148392,12249.223730975571,801.8708521588107,212.22213044584578,-14.774580977300744,False,CS2613
04789f,Germany,20.310020922631082,-79.24571040327247,25401.638237138228,683.3810221324554,127.65396062213823,-11.015132409029423,True,CS8999
044cd2,India,-138.8830692881974,55.99689521058954,33060.030228342745,633.74777800432,117.69038416786574,-13.49119141755466,False,CS9989
0573bb,Germany,-133.31901601337842,16.60824104430486,33441.43091576725,855.2907655911964,77.51397253816177,1.0076812753949653,True,CS2036
0673af,France,-27.62793590779023,18.044010572937324,25210.232677895976,310.4816376538623,75.26442136513,-5.9216787486030835,True,CS3486
03d017,United States,1.7376194800372673,-75.23972411056383,14543.572309958654,637.4978699067955,307.89589618581476,-1.1119301824247039,True,CS7581
06d748,India,-120.59510284221042,5.0577790259156785,18769.538326722562,859.9744790305909,219.8379732348612,-8.543366000905865,True,CS3252
02cb94,Switzerland,175.02053511516846,69.63972022469943,34304.00322407465,415.0775102808986,49.82071894555669,10.82503440431875,True,CS4547
076035,Switzerland,156.60675056920678,-35.960960926175844,30244.002643042197,339.5418281900845,294.41627842023297,-13.703633591929892,True,CS6224
043232,Switzerland,105.95305856026937,-1.1376038930177685,26529.51381529647,250.89180175662796,341.0454225007422,4.580200092347585,True,CS8139
07cfa2,Germany,-174.56512535873952,43.17775127981602,22053.70856388854,599.2336480789006,85.00643836175152,4.4661499061974865,False,CS7150
04ee5f,India,-46.369527860296046,-72.30725868801586,30071.162365190357,754.2231947448151,156.77995734942644,-9.348551984366948,True,CS1807
039d01,United States,-53.42820577265677,14.914662626701215,25413.65259626389,324.5021328190628,137.86817813272586,0.26441640404109634,True,CS1842
03a75d,Germany,-94.07933362784817,0.1816843610826453,16686.389480940063,817.309090207315,334.9038400875038,-3.8399030485240857,False,CS3365
021c82,United States,-95.83054409784225,-88.80672156443971,19910.235214986664,322.4056197157969,335.00971030685434,-13.485044311429427,False,CS2999
089695,France,15.344999287826937,-48.176626300784015,24006.85457597764,337.20503762144153,336.7409736242637,10.930836641431274,False,CS8886
0c60d1,Australia,-176.15120069922065,-57.477124008332986,28861.78677235544,781.0917854123045,51.78324153410395,-5.7437147637806465,True,CS4796
08836b,Australia,150.9236210136208,73.4085659203528,11163.338313391863,181.93594373736514,268.523171658958,0.3257607666329534,False,CS6422
06f1ab,United States,158.19816551374026,-28.828738446495542,14112.167955505507,844.4827075853997,17.297690656913865,-9.016193906080575,True,CS7225
03dddc,India,47.75808274344956,28.675066407915267,35688.61544721664,562.930790211256,133.5829966646545,-8.634082881577672,True,CS4544
0bd837,Australia,-68.2895473483411,64.69122364589086,34285.8698838235,416.1176876553285,14.681183139295463,3.7261315550059066,True,CS1981
0e48a0,India,128.51455031951673,-23.52161247630727,18149.054233015042,699.9806969853512,258.53958799577606,-3.8676902509478097,True,CS8822
0a4443,Switzerland,-68.29390933312231,-48.70760362299202,35861.20154982316,775.8521967194123,315.5088884059188,-0.5360937330457194,True,CS1238
079d42,Switzerland,-65.09130945658684,-29.832899470934727,25298.84243169725,244.50601652251194,160.6305988953331,8.77176314409627,False,CS4430
032a9d,France,32.33822076649159,-70.46562522929861,33121.88722843949,158.2408870928859,42.80642481490707,-10.189926316061,False,CS9970
01f251,France,-179.32880949797172,88.9965677651081,38835.25844337059,498.03643003367375,203.6239075959278,-6.0893020347998235,False,CS2410
0f004a,Germany,95.90353666712463,-46.9189456737027,10679.0841511968,185.2278447237323,191.10581558912557,14.348523995820898,False,CS6913
0894da,Germany,-60.78417678363694,40.47405979801886,13656.798298979611,275.127831345423,301.0576724314688,10.986071348123762,False,CS6785
0a6ea2,Switzerland,162.8340274272561,37.224609374047816,11414.506153426479,838.7117323386253,67.92801979916379,-13.784861846415172,False,CS3697
03e7c0,United States,20.03978176099767,-15.442704013424063,35504.14596430638,498.14920335252174,230.09524711206842,7.202046911658012,False,CS4793
04267f,France,-39.28878970187867,74.95377387516999,21048.91499468452,645.4339719810789,210.699886650287,-1.1844845350233175,True,CS5120
027139,Germany,-156.78333530208133,-22.177501502099616,10387.500387540043,477.495593135245,283.55935939646093,-3.672078234119791,True,CS3840
05268d,India,32.680720376937074,-32.97692166123104,12277.960842192955,341.18516018378966,349.0987829878167,3.9896884538275614,False,CS3933
03df37,France,-171.14679117963425,-48.064519387274096,38036.04447561957,188.16894235004605,235.27422537916132,-6.707083142571689,False,CS8653
0da3fb,France,-160.47550054109416,-15.06749377809895,27634.29596306478,790.9286735061371,69.24761568968646,1.538670179678011,False,CS5633
0d58b9,India,-178.17608661435636,-62.770168055427064,35057.41983396073,337.3862981404244,105.46657882900253,2.220026777087071,True,CS5751
0a2329,Switzerland,-99.34380055490993,49.88681880936517,29108.223502769513,578.7789795728183,114.91955557503903,14.880645925617372,False,CS9176
0dc1fd,Germany,177.16792931401642,69.55480680196777,39671.944940889814,498.5201137092299,102.30997341857528,-5.4615925512243315,False,CS4189
0ad002,India,-144.88462196681894,-42.67376780212106,33308.06591428009,649.7682714844118,187.46715660664856,2.5220902467313593,False,CS5311
01cfe9,Germany,-109.38784781088637,43.979344941319226,27225.692945210594,233.73883176029005,11.233725764689035,-10.665449558799882,False,CS8486
0ea9a3,Australia,-151.99678383413942,-89.80655995045467,39151.959133112796,160.1994278458583,47.61230022673552,-8.247347390221593,True,CS9260
06fd5a,France,-110.61098850731369,-41.57748362099123,22221.733482503467,392.59567481489677,70.065695632573,-5.272036152519117,True,CS3454
0b957e,France,-16.15900370616268,89.81059374904532,33424.283139073916,615.0231181262175,258.78020284362697,5.31872282717482,False,CS9566
0bd490,Australia,17.113915531810534,41.66186835357149,10419.362937293925,668.9695609298205,88.00787495703013,2.3933388696247633,False,CS9457
06b018,United States,13.23754504230348,-17.47366810125952,15036.198852990008,168.23134177597743,2.1792644661842786,-5.389879472278173,False,CS5172
0e02cf,United States,138.4464718559579,7.636390035016603,32499.60103088797,168.48285497388687,118.77846871405082,-4.256480502565667,False,CS3020
04448b,Switzerland,-21.834575762944525,-6.285466285979581,36295.40466797969,348.221523536997,291.8076243695899,0.1520679909645022,False,CS3155
06332c,Australia,-81.24031106442023,70.5600169221645,23222.6637470177,450.25764587797306,201.52652445973922,8.534836844473855,True,CS2571
0d505d,Switzerland,-64.70404996993042,68.4113240686049,34116.35177846746,606.051685665296,136.73177533651634,-2.349797132937276,True,CS9437
0741cd,India,88.00514834565047,84.9771195617773,20528.86161740945,215.77368081696628,64.99931383213963,-10.798697212229644,True,CS2892
09e82e,Switzerland,-64.73950519973454,32.333790153009176,30818.74402054291,857.6802377155135,170.26788065949324,13.607625536847369,True,CS6304
02feb2,United States,132.24856487744051,39.73164191586605,13548.38541357616,589.1759756690126,33.91293547675176,-9.89273276681505,False,CS9151
0bf422,France,-50.28816339005215,-74.71517533770073,33078.404743333565,380.6926181562735,61.11049689229126,9.20481070664373,False,CS5540
04bacd,United States,93.35962066475133,78.03537790534659,38173.10559890927,503.4222343747727,352.41406814614396,11.254405659546709,True,CS7363
0f0112,Australia,-34.37871987711455,-70.93756059366297,33018.978583360375,823.0623265194256,344.6383151250783,-10.026779873560887,False,CS4603
0b903a,India,23.6708384233404,11.585656221776134,13986.569499054938,263.57963713076884,281.88261170252144,8.732200698207624,False,CS5578
08830f,France,-69.5172912820549,20.763991239186424,20280.346233396904,800.8324737130355,26.35649921229634,-11.384506139109236,True,CS7352
0e8d4d,India,-20.081595569094247,12.735978557779617,34987.45104912308,460.5777193551346,102.92282414461607,-0.06905648660218411,False,CS3518
089d6a,Australia,-46.77014548958661,-28.60201975673897,36888.65154048661,245.672939844322,209.28245594079144,14.982005411648696,False,CS2861
067353,Australia,-111.38461720314436,-53.12488378117956,36328.1313032474,283.3387285905417,49.3668742575278,12.187629126306202,True,CS2179
0aad54,India,-13.403956195768046,-37.24030883914036,27975.734476531972,893.8574967591805,304.7342226238084,-4.074100955514719,False,CS8541
01915a,United States,-149.6927245141013,-55.0970335860529,22776.070268018906,570.635013748521,56.035970289200336,9.387274543745498,True,CS2730
0a9823,India,142.78777145756783,64.24646183147698,17345.73037740645,618.8254572132146,233.26678647728994,8.392807878774274,False,CS8703
04bb82,Australia,-158.61595296748072,46.88427049545683,30827.12247663146,609.7698718754825,229.45349998785326,-6.242608800457749,False,CS1968
0a3172,India,72.60371960868483,-60.131889786503685,38397.93085409913,519.5719162482096,194.4229964630994,-8.570421890332481,True,CS6300
060a03,France,26.041957264615263,-52.159356748568285,32421.809043103764,554.0148173104783,26.428992521233234,9.106017714841986,True,CS7048
0d0ad0,Germany,112.44759741991186,31.545327282753306,32266.83090838493,309.2718264793439,332.65033997597607,-1.1642833628286802,False,CS9596
025132,India,102.62561339046056,57.532505169244985,31396.710322588566,517.6117024554752,340.8986629781763,8.23164746731549,True,CS8625
0e3625,Germany,-176.01096864828534,-10.733731336839895,28388.418899009917,846.7601779292087,1.7123963008765797,1.5389558467719908,False,CS7256
0c2320,Germany,-94.93833539780063,80.02233281938175,26166.92841507802,735.2536520707362,212.01924513136223,7.327177260028407,False,CS9723
0ebebf,India,7.141973952495391,53.31789795525066,38725.88759764849,223.07045761308942,162.50207997592244,-8.47605569280107,True,CS9324
0d99ab,United States,-89.71025049072702,-18.3640808994046,34039.351698803366,718.7794822621556,275.5778139356584,-11.282262569655584,False,CS6948
0a68e3,Germany,-112.19991776455655,-26.48859440994525,29225.669042149984,489.1352422405075,263.9157232973878,-2.6824631966237114,False,CS5759
051fa2,France,-95.04195639757438,54.556445412040034,27413.717060464387,447.6137116572588,132.6746050916765,-1.300427428169744,False,CS5701
0691a4,Australia,127.11299781644504,38.95013868753534,34234.18510137142,325.58971174921373,230.50532205293288,9.824971906257364,True,CS8376
085e7c,Germany,91.6378498757569,76.46574187298233,27136.056545332573,388.9056913601335,199.79430022335117,-3.8507639384068924,True,CS8610
05f416,India,128.909565543435,78.66238334687728,17628.39330580226,563.4675507209802,15.575289877369066,-13.485347096252983,True,CS2218
08491d,Switzerland,60.931823996186864,74.73248588723663,25524.08562185066,658.1420035071285,85.55629436319568,-13.230842264381222,False,CS5847
0d5196,France,-103.87889177145887,-34.270986766372964,21426.388071243266,621.0940553381896,91.23426761394558,1.4994670271191488,False,CS8363
05e477,France,101.97995157987447,-1.3819277229449796,10253.236955815091,340.64177399232887,33.07522385421686,10.464854483932651,False,CS7168
0cc34f,Germany,50.01475919441464,-61.04942084810803,10898.481069905316,617.623948674955,6.915625847537692,11.611513625505836,True,CS1199
0979ed,India,-69.65382620528166,-25.177132134573398,33580.35657310777,539.9473987501025,330.68397663010467,-0.840799648865092,False,CS9881
06aab8,Switzerland,-118.67170479407619,43.4601181497666,14099.681201362422,754.9151749682576,62.73287863481704,-6.96416553245775,False,CS8083
02854b,Germany,-110.99636337901538,4.548621251225001,38442.11681700336,152.73319479831173,349.286021806101,-4.516836228137198,True,CS8509
05de95,United States,-102.35091281780848,21.703650882037522,13653.690534229667,228.44702473132799,269.1402382602283,-11.128641566488941,False,CS5415
03ad1a,United States,-40.695515949143015,65.62626224331319,13534.91643874846,152.93351709866627,47.58188203029992,6.969202391293628,True,CS8589
0ec4cb,Australia,-169.13829844616245,-63.70488534726539,18489.5826994815,371.1703803196724,318.2967136947408,-12.662327203557476,True,CS1527
0ad505,Australia,-22.09520116660471,-48.78799429276327,26968.993793784324,349.54183837707353,105.89356676155717,12.713937828895634,False,CS2092
0af6aa,Australia,-158.44272304668095,-46.225551808058036,14452.917659916337,301.93374102870825,316.4501011719535,11.823788218961496,False,CS6537
06c6c9,Germany,2.0471420747049365,-31.336983364161036,21265.77464785485,692.8743878661445,44.39244179351175,8.935270797173537,False,CS3411
039b7a,France,52.32732150709893,-25.417463447316905,12074.522866427425,856.6214968751012,145.2862418411969,3.2986756114744473,True,CS1842
018895,Switzerland,-147.31187197152187,64.00051730855216,23360.127906536803,298.2034033935156,252.47300849983483,-13.242879711409458,True,CS1505
0c8a0f,France,63.3666608157674,-25.298201801327906,30470.583618375855,316.4346509618525,298.5430791577771,3.4909990249394838,True,CS7519
065b26,France,159.59547840835245,24.288735122597657,12552.862475229444,656.5544999862931,188.32054872245882,-3.1651833128172004,False,CS7159
0541cd,Australia,-124.89549630763321,20.061785570983574,11017.164535500266,544.0947803734405,320.7065484095413,3.7881641775994375,False,CS8446
06ab96,Switzerland,48.104156311725234,-22.848971551370255,26602.752918498256,711.1786567477709,6.782623732261026,5.140036926966122,True,CS9488
0a607a,Australia,-161.55640697555492,-62.51527937737267,38683.966525465585,703.9309502384476,199.3017660467533,2.4494353827006563,True,CS6126
0ef9b6,France,-172.1173069112357,-81.56113508281518,22990.032202404946,883.3576377728815,32.47947298830551,13.777947129636537,False,CS8099
050481,Germany,-171.37462671959207,64.33736458590266,16904.387740977545,689.1575702092882,97.49795418707778,12.849412640930787,False,CS8276
0695e6,France,99.2745728123221,3.5384722628930945,17980.364671161722,273.70656954948674,75.06519523873298,-13.808628624743651,False,CS7179
0706e1,Germany,-125.88074765953988,-25.169475626206506,37049.179048686885,591.1295787571768,302.41758686390745,-10.47425825888297,True,CS9427
0439e8,India,-12.91716625254395,39.561715223147615,26551.409309720348,785.2878870745544,206.79259452039219,-3.484908054702853,False,CS4458
096992,India,122.1967812077001,-81.51308675308799,32415.491343335936,210.80763843222252,145.17618014404619,-4.825709704628874,True,CS9963
0a5e06,United States,-84.6718453275774,-76.96736663968234,30292.71724555758,451.62471301525613,257.29371852236756,14.474169049274064,True,CS9784
0d80a9,United States,138.46057064758077,-28.93765499182848,35796.63551999892,301.1824840680695,71.38837507904984,4.109008612639251,True,CS3772
02f50b,France,135.83507670312974,-52.16266324338817,34560.85707077802,758.9364300920619,130.19037480968822,12.071598802242317,False,CS3004
0c6de1,Switzerland,-151.5535750855626,-34.919469775641176,38395.731028310955,733.12497779438,219.15095165615767,6.782175471049886,True,CS8951
0beb63,India,136.4862229611394,-30.49526356899515,21409.742230295007,542.1696022394789,160.5474531288357,7.895898216039328,True,CS6487
05dc2f,France,-174.66781800353434,-85.33814993491481,22477.395192517433,387.42128660998753,195.0598558683031,3.066508731099976,True,CS7801
030185,Australia,74.40424804515584,-44.13935088097445,11428.982748390115,511.7675487483466,118.26027602173356,12.193038950761188,True,CS7544
0999cf,United States,-48.034438429135605,-6.268127098658113,37807.51092105842,646.3419895512229,309.948122513407,4.901889743549084,False,CS9375
09dc9c,France,-4.077595655212406,-76.10235010921161,37885.18542999236,733.0283417857784,28.657999446699808,13.95326695868776,False,CS1368
075398,India,-4.268106809634759,77.47442022438125,27738.026968733047,791.9570771659642,83.93879157866874,11.841285111418632,True,CS6991
0a46b3,Switzerland,-106.04792958683109,56.23072803955216,27223.85539857124,751.8418784481083,107.29186032250117,-3.1184637126073884,False,CS8672
0d7fd0,Germany,16.25579632454756,-9.766765333873181,22629.09574517741,225.3887305231952,251.43359540075258,9.195880495959091,False,CS3016
032fea,France,-9.997239941176474,27.67044228888777,10302.750989936974,505.32977059747475,187.10003153682138,12.044372219123517,True,CS1421
051c16,France,144.45329557222453,16.57858299216761,25673.96079195801,858.896518844589,0.27170681337040925,14.244020631982355,False,CS5277
081e9e,India,-73.10659642170066,9.070456673389472,18180.906786977604,203.6546044905236,83.69064698254068,-4.003891629023606,True,CS4392
06f9ad,Switzerland,92.50844202917989,-81.48118947151924,19131.31574237189,613.5414178095446,259.48624099537915,9.626627298674833,True,CS9767
03a74f,India,153.5258165936009,83.56319617240791,26857.433980485188,846.5175785795313,115.73368597929556,-11.906637125137532,False,CS3162
0394ea,India,123.40677922944371,-75.76805595350297,32562.053239217712,884.3849244920383,258.3765891184302,1.508264847979671,True,CS1909
04ac89,Germany,117.92161427643248,69.97701671828702,17393.450614784968,300.5993951201998,128.40634802241726,-5.672381100328472,False,CS6209
0ae387,United States,-111.53687981071572,50.66580967370038,32252.10672053053,828.6948744806779,358.5617723046113,2.9817466693673467,False,CS8168
07fd8a,Switzerland,-109.81985755362045,80.17482399547163,19609.154125506822,873.6643184355082,164.90742674371592,6.222474318819671,True,CS7180
0e4dde,United States,172.56319493176653,-0.15372912258509075,36042.59219001993,288.1006333469362,75.78152913548703,9.916940135784344,False,CS6144
0ac827,France,51.380524860776944,-43.10244387815429,38441.098551627176,539.1705806473699,181.1176576759901,14.679439192850953,False,CS1696
03ab8f,France,-51.51808346995216,-44.699477224402,35106.090386892334,493.2311241892943,117.23037084666251,7.419430451363596,True,CS9391
0b559d,India,-148.3437218114511,-84.21027341571317,23685.343707281107,805.5690408435402,125.68163455695787,11.014374328162415,True,CS4951
02af27,United States,-116.9543492519648,-81.59440262621776,31893.41590590825,431.8660477526971,246.53639794131777,7.0298497683612275,False,CS7669
01c945,France,100.92337992887451,62.0355716284659,22370.126098708133,784.3288863681676,313.70060434669045,2.4314858220406315,False,CS6657
01ef7f,Germany,41.22386805328088,-36.69760669748981,26961.60223197785,311.7667566140228,277.0561618376166,4.6695342335610945,False,CS4812
0b47ed,United States,-143.65934707670493,31.469209926413342,30240.31979589321,605.1228226147166,30.592301336800965,-11.114355934642465,False,CS3700
0d2256,India,-71.81798042543254,35.178637875154664,10982.811121099545,688.5630203965785,200.28631214350105,-14.825451804896495,False,CS4659
04f557,France,-98.35623115919893,52.651568519585965,33859.453093807,499.343830016311,171.6231349504251,7.032946902565104,False,CS6875
06cc81,Australia,78.07866669082068,61.6151970674654,11677.72690921557,183.05823808225622,113.2713839057958,7.872557219992132,True,CS1524
0c4650,India,7.876705312390811,-41.88511647144295,23835.048375505183,806.05333715979,256.76878160292364,-12.881875310217028,False,CS1782
036a5e,India,168.96224242364406,14.689436153450927,33921.069427394905,259.10390782970654,82.32244522768035,-1.3069170795513045,True,CS5610
0e9381,France,53.26890722667065,58.46442075597673,18852.887673317826,748.0985495864265,89.39157186862055,-11.020525656697705,True,CS8778
0723b5,France,-38.3742791190534,32.507881188921544,37545.21839574008,282.82132366108,291.17550692763666,-4.2344896897571545,False,CS1662
022a7d,Switzerland,-93.83022579152855,28.86108556944353,21351.69664649761,802.0393804288032,300.7534690479417,8.301828957137499,True,CS9530
0b0caa,United States,142.8408550826016,1.5613072864573354,15867.423867042382,709.3588518763049,273.27630477146573,-7.986961000501216,True,CS6312
0924bc,France,-69.61943633891924,71.51129543289943,25271.85806151376,263.29882021724177,297.8969196470316,-2.8833074041833306,True,CS2188
028f7e,India,-150.59547006692884,-37.7163984244677,36780.25689397493,791.9732051965171,292.6103586615288,-3.569955573977399,True,CS4483
0e15e5,United States,-7.764247021527808,-11.294309888580003,35192.32084744906,305.2917942774799,84.86739586092402,2.539751478805183,True,CS2116
0727a2,Germany,-53.20928731697363,-29.237740152242708,27568.791330860746,516.133849529879,79.3206251043461,-0.8116631537824546,False,CS7237
0d4920,India,127.36135291918237,-60.73719493993333,11560.401744212142,712.9385933536638,208.04042477816094,-0.572340765932589,True,CS7330
020736,France,-68.95767564858207,-20.350414438917184,23014.650220750354,734.131012618673,287.85910797088513,7.796833915080505,False,CS9952
04bf53,Germany,53.213551785772154,-27.50359458123151,29153.815187135853,268.6610236302489,124.76558016022659,-1.2917509172185806,True,CS2784
0c9385,Australia,24.01507162377453,-82.40501880295955,24623.0286132209,682.5510410198425,72.8301936659358,14.650987749265987,True,CS6333
0b94ea,Switzerland,122.65382104853359,70.64533417490267,18292.258982675507,532.6956017088094,70.48363352619334,-9.248755269959368,False,CS4145
0dd761,India,-8.310018969112235,73.57396211157825,26066.171391894197,828.9901532363583,179.9863167182504,11.870876686791707,True,CS4918
0be220,France,73.85128318664886,-82.1088629856245,29230.436720010257,334.44117907930337,154.117773393191,8.254950289783089,False,CS4123
0ae016,India,-58.57978273124681,-57.55966985101206,18696.73698051034,397.07942396750946,229.7785062548351,14.671493622347814,False,CS3165
0db4e8,Switzerland,128.91850145368392,11.06861898696043,30988.047292143478,748.9731235628891,57.099362277976184,-3.4989354090453464,False,CS3532
0d0dbc,France,-0.7362469232776903,22.18083271353207,27068.446882723707,800.9113160711629,288.9791994367902,-9.467131524302125,True,CS1315
09f715,Germany,72.99929570355405,46.61178992349409,16330.308828116775,191.14086654879313,242.15347246349444,13.569449086495304,True,CS8524
05bdd9,Germany,166.58715079153063,-31.06934187673854,29265.593666941888,242.43816852737277,94.1739202829632,-10.738652020209734,False,CS1690
0eacfb,France,137.22693264546763,-13.219230290212991,32759.469791151925,822.4109470247673,60.518409234909264,5.461041169767583,True,CS7973
0be87b,United States,81.368783796537,38.033851681413864,14792.034649702888,549.1607840149953,347.4047705385502,-3.367323146895732,True,CS6370
0d8b2c,Australia,-131.78260368199648,-87.1007204164098,38873.28797259873,349.90617420111346,321.69247089074446,-10.935560536646776,False,CS9708
05c359,Germany,-60.84556208109028,-31.120265263143786,24005.82113707914,319.4827196887162,345.50150874864516,5.694575563765607,True,CS8026
0c6f95,Australia,-39.19907986659581,55.39746312582935,28890.6185289838,808.851562219936,208.84066795949042,-7.6613925477731195,True,CS6384
0f0395,India,53.528224739341965,-1.254929270113081,32039.665184500565,203.4794348129055,206.2343231721016,-4.27232787788417,True,CS3292
0bc65d,United States,-57.820042013034666,24.728989045131996,22365.17109834026,505.684693780404,297.4214057741511,9.117507194499652,False,CS1464
046e4d,United States,67.00890620978367,64.5618071859692,11579.71561361322,692.3924746971791,137.36797219313684,2.7004447299554144,False,CS5741
0dab11,Switzerland,62.58803978914327,0.9163767221003809,27952.001417168372,513.984626292417,301.7546337499686,14.892709427527222,False,CS9188
0836e1,United States,47.4458428834665,-49.74988744686651,33619.62175192122,561.3649207637817,40.63327163659798,-9.317639912979168,True,CS3329
06b77e,Australia,51.11927055424732,23.55353790572609,10572.400479243624,167.7908604690981,23.423799355547366,5.576592947261297,False,CS9363
0c2236,Germany,129.6362722105178,-47.207891270672135,19937.38730805699,494.9759279362307,99.22134728835798,-11.118708151401897,False,CS5417
06ff1a,Germany,123.58506078953559,-36.97752675325133,15545.901931784627,718.885526541106,217.74185697303474,-1.0840667640310304,False,CS4579
0a8468,Australia,-103.7864638910048,-67.80031500705363,14208.474850730177,618.8160537601216,38.07064119740797,-6.249246357270234,True,CS3955
038f33,India,79.35487081124944,21.929910487672288,19754.418348671315,520.4201551241258,104.4492110267012,-5.785863211904472,False,CS7400
0ebbab,Germany,159.82057399218365,-27.274429541225885,21832.57484831843,487.5214668010807,73.40209609926448,-4.33315007067878,False,CS5472
0d1fad,Switzerland,-62.92259634467926,66.61533921959918,16889.03593958434,732.4576653625508,286.7440689647454,0.23792426880334716,True,CS9613
0c4978,Australia,-167.4122380318282,-74.94648468723214,27870.251828154374,664.880073231717,227.91507513284347,-10.37779020248386,False,CS3546
07fb26,France,-10.688891932230945,17.29077855412781,25325.499020875744,311.001262711378,178.3004856667055,-5.724760259188763,False,CS4176
0ab898,France,33.60852651786411,-54.49588697878697,26554.441376895527,722.9476638495286,300.22408589963294,-5.045100276004963,True,CS1830
04e34b,United States,-93.71657307408387,-58.245230087834265,38088.535725877984,845.4027721067467,215.426647434784,-5.755436544937062,True,CS2347
0a1a28,United States,177.47790110824985,80.30629518591209,12622.03446794023,286.94711314304084,244.18876115462652,10.474657013719785,True,CS2620
0b0ac9,India,150.79190258479179,-54.022036509999474,38097.63588752058,699.5046058758172,140.35700295989585,6.090886609804713,False,CS4267
034a75,Australia,-60.72148352053917,-60.51595096830806,12922.137227128707,896.1443268047227,24.21198017560482,3.792322691415894,True,CS4987
0a40e1,Germany,-158.6564171270654,-29.22285427193053,23480.186916688384,177.15217794070446,23.767688125419234,-10.545326392944157,True,CS2561
0d8974,Germany,147.01293371415937,-87.14281371886973,14857.285739965197,838.4813433489495,10.185363416633283,0.9943155973754809,False,CS1111
0f117a,United States,169.90111387014292,81.94388808262792,17695.34456329154,726.2201417573449,41.15824012965569,6.5503988993935565,True,CS9721
0d933b,Switzerland,-42.83881329995336,60.97246537080824,34876.943454626016,671.4675038879598,183.1297152549939,1.5618674631976077,False,CS4668
02587e,United States,111.3305429728772,1.578489748905838,17124.942953130176,752.4415862306282,310.02153705247986,-12.148216977203719,False,CS2742
0926f0,Germany,-91.20996180814961,-12.096872027470482,30167.258782328212,537.8330431396435,266.79563184661276,5.918159374179805,True,CS2559
0a53dd,United States,-8.799868870147918,51.98806076279823,27337.964407042175,656.0458257934745,187.48656750325176,3.0375247003025336,False,CS4542
05416f,Switzerland,-59.72689756494651,28.681711435972517,18326.169272840536,321.4570907906552,5.938500519407892,-6.731016467330431,True,CS5398
038328,Australia,104.20089171751835,-81.65056674464344,13301.883392115695,883.6712621029383,252.40918522086798,-1.6212700724737594,False,CS9388
032c7d,United States,3.175315958241839,-68.30430791983542,23066.702670414998,434.4157288941612,340.315353203274,-10.5069226280275,True,CS3855
058d49,United States,105.49663420750261,42.02031418117019,31989.198928299054,534.8519426224331,45.270188444867124,-1.0936215228534625,True,CS3932
0dc289,United States,-31.09159195565735,-37.47789629118613,21910.694051444625,589.4056873175052,272.0835258656323,2.0683018543519083,False,CS6398
08d305,France,-167.72354182652614,-79.03701185872804,20028.12922085444,449.04705242601955,127.03830303089929,-12.8089045955832,False,CS8658
046390,United States,-49.89949389448526,38.72183090238781,18657.311293899096,865.1052896187696,169.84016865875563,-8.53032801162989,False,CS8069
0937ed,Switzerland,151.9068764352699,75.47143627030937,28170.917580914203,802.4339791952059,257.21878374810103,0.7962006542820017,False,CS3363
0b5531,United States,108.66295353037384,56.314787862586996,31450.60849986519,894.9269757971168,312.3961401534246,11.301833660752862,False,CS5328
0bc35c,United States,-24.75155998694828,-65.60010920868021,21252.411061141152,618.8189358223749,304.6923914105449,-3.4676821689263253,True,CS3397
01a54f,Switzerland,172.18838525137988,-63.13831803754484,39676.51894914021,604.3212549960494,60.46869468634294,-9.607347464003837,True,CS7254
07bba4,India,-79.90979757210503,-84.19733588461233,28841.803159593437,337.27011296209594,246.3378910502314,0.986611958858548,True,CS4559
06df71,France,-24.593763192705808,73.22122703677522,30583.49640769743,621.1997900211277,120.76615835133133,1.583718101196233,False,CS4737
08f95f,United States,-0.21805358292292,72.02196281168438,12402.762914160136,293.81877358465124,137.5285011982303,10.757535374252559,True,CS3397
09f2c4,Australia,-51.6281841720693,-30.94478686834932,11225.629440638242,258.1977208153794,336.0115198603371,14.506118671330707,False,CS3338
08733b,Australia,127.8748180417117,42.22617439358166,28462.909878129805,510.7248843119038,178.51084867582009,-0.228660895079015,False,CS2018
049315,India,-118.31270257576415,39.62432503648728,18707.9930484336,855.6155557748125,57.559554842917514,-1.6042843803578748,True,CS3513
0b851e,Switzerland,84.20318270352578,39.5122097890291,21992.51221671167,718.3510280471216,265.27002508352325,-14.151297077007861,True,CS5092
0ac283,United States,-13.738917250656414,-37.12605227581475,22183.523921530083,340.69094836635134,34.72615383218335,13.769187109991666,False,CS9247
05a4e7,United States,-101.91053446950738,51.971343475421605,22120.078531196064,665.1460745003668,341.0305067301995,13.152695775194612,True,CS8681
0c2510,France,-144.22550433015053,-81.48806486310173,11816.36339663463,779.2543283657396,67.07078755560923,-1.225062694594385,True,CS2026
02b8c6,United States,-93.28117188642356,30.17804527298135,25043.530358634005,673.0342630103261,69.4429979790646,-1.2221267215900031,False,CS5921
0d991b,United States,-89.87360325415165,-86.79369941573152,20709.41438427887,458.25823097222775,142.28477113400209,12.242247625536187,True,CS6980
0e3b61,India,59.7748491493991,-24.17826924756524,37620.28408837585,832.743591502388,145.56141169682093,1.0093885440054358,True,CS2464
0276b2,Australia,161.15011203366265,10.95573640243775,10100.08812189874,897.3300633420298,351.4245162105178,-6.613535767936224,True,CS7561
04838f,Germany,141.79656118431149,-41.27233686509164,36660.993659101456,434.16780172819807,91.3346461866915,13.182959192862146,False,CS2376
0f1789,Germany,158.7333511885609,-17.058772110744897,18968.078483859492,895.744636098124,128.04418977253766,-8.999891081240722,True,CS4990
01f371,India,-87.84708472821549,1.0502848443125856,39040.824636604695,396.17696187609465,58.84729781498182,10.50373213581923,False,CS3586
0e4961,Australia,-99.98164068922966,65.6782057396704,29717.18732603056,253.38008018064684,203.0640026990286,11.88316368208315,True,CS1397
05ec34,France,-112.59518910780992,14.079090501230283,25248.46827540927,537.6614017531112,187.69005979452555,5.2960809527587,False,CS9465
069663,India,33.33686490886578,81.25501766560294,34394.68055511158,607.0803193789662,233.43837078303875,-0.2607431867701919,False,CS2185
0701e9,France,-69.29050302244767,21.407753896615915,39351.96193300226,559.7641751593148,126.7873915725025,-1.009264998497212,False,CS2260
0d1302,Australia,-1.9656686013154854,-13.155705202108095,18605.23188492214,522.0460143812638,241.30178930883852,5.555339529285931,True,CS4613
0713a1,United States,159.9151676956929,49.76802858243519,18148.774062023484,597.3372331222026,298.77740336520037,-13.716074274141786,False,CS3654
0eaf4f,Germany,-116.85657253457775,47.91581630828961,27612.01870262539,318.33921839638947,77.48785914983995,13.052276077484024,False,CS4324
05d6d9,Switzerland,-60.52139183946407,63.04322774923247,13575.524078947892,460.7593751591608,258.0204468344443,-3.9009838060325173,False,CS9382
0370ac,Australia,172.10775446646647,-27.781776247704457,10292.240252459878,378.3112829698483,172.18376137170983,9.923903231488271,False,CS5891
0dcdbb,France,116.23586761485137,32.488745084056816,38473.45569579408,565.237049571189,240.37606277420963,14.982442938305898,True,CS9696
01acb0,Germany,-47.95553947516049,79.38808600264764,21954.857959714194,201.9632063171194,349.0197380834625,13.662828205757368,False,CS7272
024a12,India,73.16175884349576,30.995235400106566,38466.98117975363,789.5755682194632,259.10275129050007,11.166771994114605,False,CS7836
023228,Germany,-135.14850447795627,24.71126051065447,11649.42386875842,631.1500475612713,359.59696207988344,1.313211248029937,False,CS6228
05d7f5,India,-73.89973267659863,37.64294866452312,37034.94613918384,768.5589843917371,109.14026365437003,-12.979553271804024,True,CS3626
0c0e4b,France,-22.234073841536826,7.478370898681973,31203.31076095008,637.8009555529119,171.85389839236717,-6.488758550098366,True,CS1488
0d74a9,United States,170.03775746127036,-57.31150766724946,34927.209828156934,805.5117132493865,40.87322168771045,-10.05012287812637,True,CS6603
0572d0,India,-79.62060961393308,-26.721583829956515,23144.758967810263,888.4385926311269,37.33223479564861,12.84828791948631,True,CS3057
0e5958,Switzerland,25.47806476128875,46.84774452238349,12921.765295945987,423.9150271813273,296.0865435580267,12.817102115366374,False,CS5388
082fc1,Germany,126.56807274790327,28.791634361723624,35804.17714463631,895.4447684782343,321.24247934015517,-6.197653161540623,False,CS7579
0749d6,India,37.50074242845395,82.89465271596248,33005.752013232275,260.0870517623106,115.61390872803975,13.04239496711494,False,CS3290
0550c7,Switzerland,106.5883882834313,8.005587903317618,26527.19911309621,711.0145044932668,119.73044393741415,-10.932449844903855,False,CS1039
0b83bf,Germany,-165.2333710795913,-11.120158935946833,30017.4848501471,870.038827535559,15.626042528392059,-2.6773401298065718,False,CS2620
073058,France,139.89711745582184,40.13433255483952,32582.47134464942,274.2434199570399,65.71384411395066,-0.9653911519402776,False,CS7260
092754,Switzerland,-8.694522330589535,-47.030508744400116,17626.38512981534,839.8293066803831,309.0846841875488,-4.626655773064501,True,CS4997
0dd56b,Australia,141.45743191572632,-13.359581683599714,32594.196648098376,452.0359815750087,38.254633893904256,5.136859802389026,False,CS2393
0407fb,Australia,126.11431581464177,47.341258518602615,29116.401590917954,684.5191641875107,124.68221071441519,14.435961210326436,False,CS1712
0e772e,Germany,76.38849055092385,-10.90063552122102,35246.1103835598,215.13651497890905,167.1956097380272,-14.374396174888014,True,CS3098
0dc96f,France,47.82923862638245,36.782369892977144,28438.47349217595,749.6617654503839,297.4841524176173,3.1337182146342535,True,CS5389
08de78,Germany,-155.56572204004794,55.82337144246472,24559.922081887224,472.03046440155356,98.3625705518482,-11.065125773827138,False,CS3340
0bfe61,France,-14.523118956504817,42.69087055203369,12334.894610551131,582.2148405254233,219.6400328610769,6.9365406225158175,True,CS2707
0ea88e,United States,136.61829174685727,-23.644023222102746,30036.61445643035,489.6982846569777,77.9462093179881,14.962617341965288,True,CS8332
05d1ad,Germany,-77.31576008772211,87.87957196750597,17101.97226938979,454.03032901849156,46.227995123968796,-10.184676703835558,True,CS3515
04255f,Germany,-117.45151524441019,-45.590251492938904,28100.836876557274,627.4413485829324,9.76649749402009,-4.323391710016942,True,CS2697
077a3a,Switzerland,85.16493185275385,25.054231827076478,36771.23768034,200.7589248160103,197.1928414552573,10.025386269364983,False,CS8159
053a04,Germany,70.87389103584766,35.64125566312768,32063.088455128815,808.5476693398164,115.55154843011728,-5.183066642449894,False,CS2366
075bbe,Australia,-127.66868915529372,-30.292486877245288,39193.05992400777,721.0080318233381,269.6864783860354,-14.431787436737139,False,CS3014
0c05e0,France,-97.35570949087547,-82.58267706205521,14359.196233091974,648.3332195498374,208.40338782571916,3.7414036591608166,True,CS3148
045965,Australia,153.7463691114172,-31.503437731802073,28688.82960515887,862.5808417272075,44.46599115543046,-14.157937427227923,True,CS4688
0e49f4,Switzerland,-4.214678820875548,39.178615157093475,12044.746348871777,810.8601200913794,227.99816807903207,-5.691531763079176,True,CS4419
0d9617,Australia,-10.618077100359386,65.53104079356049,39226.21562520554,812.2963607710927,110.05430932872412,-8.357360306576574,False,CS7740
09ab5a,United States,-130.65940739758835,-88.32496903191748,30252.380351299093,691.1815590275615,46.58848400966408,-13.700448723316876,True,CS3873
073256,India,70.18189716940842,-32.037880649306565,23343.022739782424,799.8344393568108,43.17204804230008,-2.606663901544792,True,CS6194
027e88,India,-141.1595895550596,83.42474040085332,38531.89060732325,375.12819924412406,153.5615078499216,2.918410565027216,True,CS5470
053d9e,United States,-53.41165969024162,-22.067892623176377,15888.104757008961,278.19700896027956,257.83764851025813,-1.2880584174795189,False,CS5438
074abe,India,168.78096480871073,0.04461203021664062,31438.77184160562,695.349080671808,35.29229792436836,-11.362013319971663,False,CS7525
03faf2,India,79.75759688937853,-73.72170980447576,26556.57015357059,210.2822871676913,62.39507181997722,-10.408678857484496,True,CS5544
084ac0,United States,64.4177369154126,4.981707357990601,17490.76218439777,509.3824074195663,41.69011947917473,-12.65011395746043,False,CS4572
08fca2,Germany,167.46556264502988,-7.2420162735633795,32271.98602336702,663.5063526590665,189.00073360132365,7.524417761874837,False,CS2690
07b84a,Germany,121.13334582570036,45.82668823766082,32896.458060718636,174.67759348317782,233.82858763896851,-1.6007486149150623,True,CS7811
076b3f,United States,122.82279202380164,-35.242676781558735,16875.185959534087,458.7646229689408,300.18060511298165,2.064732010530541,False,CS4232
03d65f,Australia,137.99944672482502,-37.46035139920022,11572.199382812923,832.7769006429287,265.30600817036094,9.323756235913645,False,CS1465
01acb1,Germany,179.5117150882043,-47.308319474101204,23347.72719509237,493.5388257087826,213.8112147836487,-14.265641810652372,False,CS3511
099e2c,Australia,-179.0002412051381,-81.32757920967465,11004.165571984955,549.2831987689899,290.7290648952518,5.407534884046786,True,CS4435
0d87dd,Switzerland,122.53050079797083,18.064531268370857,10391.517069807061,556.2516487681582,162.93918539015905,-9.52818203484615,False,CS7039
0ad3e6,Australia,85.81472765273122,88.32865418573576,36043.018005374426,264.2012455308572,204.85727938755022,4.164424033717086,False,CS3240
03f53f,France,-2.160521028820682,44.06314768602098,21132.67581541041,423.5102728627352,237.97141253153615,-10.26663496460262,False,CS6019
036a25,United States,-44.057718109092036,-40.12254890802233,11750.756146118583,429.020426013884,141.6330627614797,10.80920960203073,True,CS9013
02491e,United States,-21.354788909679883,33.886869794560894,14317.215761077512,271.6339894895546,325.2900710612475,11.052918125307915,False,CS8660
02f655,United States,94.56444934279932,-55.426857560834364,27909.96481567431,798.7748697690054,0.7789549234654825,2.6935174504476755,False,CS1071
06a056,Germany,105.83781220778064,-30.112531247867523,38431.43673013977,469.30836536184285,279.9908498618857,-7.38093064710858,False,CS1691
05b47b,France,148.43447985058782,-1.4995064192135743,21773.660023217075,413.65155298579566,86.20883201354556,-6.28839358343523,True,CS1564
07d6a0,Germany,102.24367857937426,-88.66744035021811,20391.898718842614,845.7759809055188,147.52034720945855,7.380631310303592,True,CS5484
0dc57e,United States,122.129369005787,-27.217964732045836,34151.7319503515,255.73214255754584,77.7009916893223,-6.347951961460307,True,CS4697
0e7657,India,169.58891825205887,24.38324748287222,22276.553537241525,638.4959288072487,238.86168607282423,-14.175550103984499,False,CS9335
0e9e14,Germany,94.92178276852411,78.39410521848151,36819.16145447241,443.2918932186606,285.8230861469147,-6.315846069845389,False,CS6128
0b7e66,France,148.06486123635938,-53.386658845932615,24138.914575101444,690.11153826373,182.4983095325338,-1.9200924941722803,False,CS5881
0b72ec,Switzerland,170.5431452846616,86.44957678270075,27619.42032646767,472.32096022746214,56.048553997404625,7.855338714746058,False,CS8443
07e4be,United States,-137.53250653923163,45.33745968583355,29828.09360528532,521.9430374260385,135.19069563404034,7.178426914159694,True,CS4742
0b4e83,France,62.85920188530599,32.859111988389856,17637.4367912172,170.3456344219293,182.7687450410542,-10.287151887915897,False,CS4305
0d8d48,France,-96.64915639797492,-54.73153156774954,38802.609250044356,168.6624548408784,329.8984522444434,3.484144279566049,False,CS5915
058a80,United States,78.72007072857292,-57.041610810159796,35743.60727469853,812.4006363857885,122.1295507061224,-10.379545121898584,False,CS9643
05b336,India,-72.61679025951824,37.603520156737304,15201.828906133163,685.7113162880077,322.68583760826937,-1.9198570004041464,True,CS5173
0d30d7,United States,26.615709990545128,-17.46287781185002,21425.197575010126,549.8121781306731,162.5373622866492,4.1034815504267,False,CS8443
0d3acf,United States,49.906040894057895,-58.74234377542255,17916.495464818792,514.3412099976074,168.75153251207695,7.489309872818801,True,CS4706
0376ab,France,-123.71025888832152,-32.88231081248602,23126.786246520303,303.2516008931518,354.7124198572493,-2.75777782186454,True,CS9375
068027,Germany,100.32737047475001,39.39452515305342,20308.838452742046,733.6030851187944,27.838491423159965,14.39973411748727,False,CS8203
0cdab7,Germany,100.21567104595448,-76.9586020518267,36049.34655847628,618.1001986024635,312.3979445768858,2.0953501241652113,False,CS4697
073b9a,India,-27.304965002975734,-35.97117532257586,39991.24469971997,589.4024586195463,297.64886940380063,0.4219762843688972,False,CS5440
0ea6be,India,-148.98202760588586,-59.917748218632056,33889.971349643085,261.77571612842473,37.128392971504766,10.385998235940466,False,CS1452
0a320f,India,120.01897969809824,35.7137520059285,17934.991830338462,519.2744406983177,108.68868488614005,-0.7251048416457611,True,CS8480
02cebe,United States,43.49413315909868,58.55179869540797,29124.834780472702,448.6527678686887,138.69673605178605,9.829707417971864,False,CS9126
0583b7,Australia,38.68483823844929,-59.95950037844668,11596.383954282937,649.9028708722068,338.7653897368768,3.10772750143812,False,CS8296
0899ca,Switzerland,161.45376154513474,43.623240558653606,21826.06357475828,447.5458966402546,85.6914124258489,4.558818783097333,False,CS7625
038aba,Germany,71.456712125329,69.12663480226385,14051.965324267465,281.2052009855707,330.7925174379168,-4.647273648614499,False,CS7871
01e004,Switzerland,-22.731639844674476,-63.2642546726419,11231.629011548805,776.7598410614268,87.97041131231238,13.651973865997078,False,CS5180
0f30f6,Germany,71.18468928060048,22.697798216485822,38157.898812377935,644.9480343610819,204.93768344669553,9.049334418817885,False,CS9521
0da5ca,France,143.0531840209486,37.61277426455142,35359.98861046971,675.3806583644529,73.10228175634091,-7.216584191747098,False,CS9099
0381ad,France,74.27757623007957,71.57395718235253,11391.989005712116,198.01438952893068,129.98967507944752,9.742668099413983,False,CS6077
02004b,United States,-87.05967388391882,80.88459278896426,12970.962590134593,508.2671364053764,20.523276532129273,4.722424249209258,False,CS7404
0d2691,France,-87.69899410440226,63.669851075450964,16929.290093148324,552.9242802612894,160.02506117792248,6.070462683327744,True,CS3214
0b9a75,Switzerland,-16.157287963230715,30.353319597829056,32355.36123077884,627.4255565793852,52.39589376911516,8.779302103173872,False,CS2294
076092,United States,32.068038001692,-52.26983963042996,25682.84210968807,336.5609192822276,8.450872180733636,3.7884121909582795,True,CS3711
049edc,Australia,165.73712789191626,59.3475248877983,19325.739120153125,603.8114161021047,120.55757106673768,-8.805317758966183,True,CS5995
0b2097,India,66.11656263814103,32.05203387187569,17499.381121182225,172.29929069920095,266.7918871125346,-14.870212050679706,False,CS6293
0b391b,India,150.36016346273703,33.8299107746933,18842.17012234379,390.3367210214306,50.067855123925014,-9.711201616403612,True,CS3108
0aaadb,Australia,42.34706985531642,82.18333936698673,37241.48064093096,397.9341875669729,132.94042997919215,-0.2360166735081055,True,CS2938
0dabe1,India,158.0148995350175,8.640399286674565,17286.266935149783,221.41710661902647,70.87577005896564,-9.64366187618653,True,CS9423
0c41d0,Switzerland,-120.00048046042642,40.81031936262889,15712.64164877895,468.48284290519734,326.60516920867497,3.610930001890079,False,CS5794
044b0d,Switzerland,-152.25247688042515,-62.78109148627657,23188.640147210295,321.7241273946345,316.57377683550413,-5.123704527123525,False,CS8054
0bf341,India,32.87336800163715,-33.90870990137728,30496.755118171823,822.8963217235108,197.83991184690782,3.897842217407373,False,CS4906
06249c,United States,51.843108937116426,-87.44950878234519,15649.444051232727,702.2170612185438,100.70166605117944,6.167144712097141,False,CS1964
01f944,France,-2.5259444683055676,35.70068083158472,17187.0044087719,403.1060932366853,26.927288954136085,7.9182458358507475,True,CS7006
0b5994,France,151.95207320254553,0.6802985059656379,11518.711213774006,495.6117633390271,226.61333625942592,14.42521241378116,True,CS9234
0f2609,Germany,127.69886426965212,-0.267820804918685,36296.747876876056,281.066357822719,67.32194400278873,9.993222492755201,False,CS8771
069a41,Germany,-176.24123118864497,9.15121832671457,31131.575837081964,500.2909564122333,289.6905487011822,5.9933932202077,False,CS5644
0308c2,United States,35.903933229371006,-20.694345081230864,14406.366854189215,326.6527970658332,103.58425541102675,4.742876498510945,True,CS9743
0ee25c,United States,-35.731203740740625,-28.24812546474292,18681.968522196687,529.2082644778869,359.54024786958655,-2.4328299290630646,False,CS1254
0dc091,Australia,-98.89619618745701,56.819776730204666,32452.79131238606,192.4498102137288,349.03967810982624,12.073877127624776,True,CS4589
04ba7c,Germany,82.41223472032692,57.81274977995639,16745.374059700378,769.3833249108103,148.28651600078484,3.6453988098551164,False,CS5740
0ba28f,United States,114.55923855310243,87.01835697361795,38364.92468368247,427.06624667978195,81.5609329894952,-14.495735930113801,True,CS1770
02c5a1,Australia,-81.91291963563697,36.37464054404039,34249.96796282606,633.2899527286154,225.1165771668366,-11.848717974438365,False,CS4607
0e32bd,Germany,65.5742475225984,6.181720440423248,23500.605591824948,373.3844476988596,89.32538107640949,-10.699591213580765,True,CS7020
0ab0f6,Germany,-88.16232863446395,-0.04112036571270039,12079.09593540174,373.349693533734,254.3024141045671,-7.728481168570952,True,CS7880
070a02,Germany,57.24089715850485,38.39593420971198,35777.04512304278,508.5538595723491,324.65830239888953,-9.592776502199307,False,CS4002
05ba6c,Germany,-39.672756250812654,82.25679390987483,25505.641698482614,806.9712262537644,2.6711437979862307,1.728225097238962,True,CS5522
027b74,France,-131.72248199265826,53.55460187351716,11096.280728404065,551.4268707509033,232.41637557110232,0.6349373848273174,True,CS5229
050c00,Australia,60.029383941433395,-70.97516943824343,39485.78817924558,481.8010372724562,15.400570046959604,-12.788630646422778,False,CS8259
0232ca,France,-169.49326771444996,-4.715206015384979,37930.12248859118,709.2919952620285,353.3956618960675,8.976686523642243,True,CS2225
0a2d7b,Switzerland,92.81751817126434,-21.248121802050832,18801.078086291942,383.2180017841346,61.763629081140564,-11.089696157612302,True,CS4761
0c8eaa,France,175.5831316173241,20.690867767150948,26357.42254378659,181.85246310251637,296.6292303549566,6.849992876031372,True,CS3537
0683da,France,70.40362944358293,-77.75646382884261,35029.87618120802,448.28853839898244,251.93246612868003,0.24461841763605996,True,CS9598
0d01a2,Australia,96.23660284462744,-60.76571140215331,21673.407323208194,362.50935657358866,115.60093166771722,14.803714762789994,False,CS5666
036255,Australia,-88.82963699783848,30.56408250095741,32269.750879821597,193.41192103702016,268.6076536806936,1.5054476234524223,True,CS3838
0f0e0a,Australia,179.75137216941255,27.524460713853244,16613.151424228938,366.5477124808562,211.39727072177337,-1.1071257227979032,True,CS1116
0640e0,France,-55.98485594105409,-76.98591802604197,21023.531776522577,713.0415593006934,93.84689936676524,-4.2391081663560275,True,CS8539
075fb1,Germany,3.4843053716585644,-20.723929215076026,32579.69102036004,793.1462078744718,252.01780492094198,-5.9361945673156455,False,CS5237
0bded2,France,33.32370989726388,24.67430715739505,19826.095739889483,168.68049480242217,341.7054897241584,-14.335608231921086,True,CS7866
0b4763,Germany,161.82689362101934,18.625511589487687,11900.99426277358,886.471828564101,253.04542855757447,1.9030641938426491,False,CS7365
0d0ea9,India,-34.216589664605465,-2.7822294231028906,32458.691090621003,784.7092798868262,205.90970508955536,13.931184863483072,True,CS4436
033615,Australia,-77.5690605920611,74.24841742780987,23779.218210718605,183.2271919773199,170.0871861578999,-7.074106402172177,False,CS3814
0452cf,Germany,18.604819938063173,-6.414435248427836,20269.514146082845,240.7140537988496,181.40710651357006,-5.219280011285752,True,CS2083
0cdd5a,Germany,157.7679988275484,71.19774099656462,30363.794970143917,808.2008530268861,9.055059957274514,5.727859808334536,False,CS3311
0dafdc,Switzerland,72.44458810027825,-85.34407841810278,21775.453692253286,745.3105273949659,346.1045150176867,-4.518855611368593,False,CS2975
084f6d,India,-86.43692730831229,-52.99854350732758,20835.837943835017,157.33587770754872,128.11320681486072,1.8300547066682213,False,CS1065
0be8d3,United States,83.01776630344295,-19.452422757044488,14308.10000484365,819.8912433089594,174.30686943543594,-4.467381364820467,False,CS7747
0b531d,France,-89.47754123599387,-34.796393394623095,16426.51538414784,396.9060528800037,153.23989864988337,-5.269420140453526,False,CS1697
0a98d1,France,107.06341959647477,79.15148599079293,13812.712937397166,855.8026522165229,201.54657422676567,-1.513532468942099,False,CS6286
0314d9,India,-101.78327055768615,51.46246630684118,27111.538344266366,728.1833086509915,252.46125213913837,7.160990237142563,True,CS7546
0d4e17,Australia,-87.20874606844687,-40.97005483232408,38388.06270770516,793.1872043780228,347.95182584553726,2.2771422849642278,True,CS5444
0a4a31,United States,72.6796198402148,-65.54936849918869,37045.56764771209,543.6146094606723,336.3817332169258,12.181367927079322,True,CS9990
0d75d4,India,-96.99113994168431,9.51814797289039,17245.332421048064,435.29414741185025,304.58295755503775,-5.278589542619054,True,CS5579
0c091e,Australia,38.11456611188561,-14.697572587994543,11097.435286938453,361.7851979921651,312.9424783792767,-14.687400648946854,False,CS6916
063ee2,India,78.5626766961824,4.832360911985532,24232.248483384723,669.757541553342,151.10289717968575,6.871796275698969,False,CS5208
0c583f,Germany,-4.777992213865019,-14.87583446195822,10210.494949484484,725.3400739175117,318.78402684442545,-4.7465332266380535,True,CS4399
0e723a,France,-8.663503197755546,-44.279077676714756,37070.550041218376,794.2421421722069,313.99183578128583,-11.051951707947088,True,CS2576
0cee42,Germany,-133.94179834906794,28.26504179310389,29624.635219817857,519.336880148557,53.12148791987119,-3.6866002639004023,True,CS3311
0dd252,India,-85.00284990295944,-64.0019370275821,37731.16092743774,844.1584341514927,94.29224747767633,8.533740707254026,True,CS7150
0c7afd,Germany,136.2211416411186,58.61410815327153,12188.863032601585,630.6776875290612,136.61574619222316,-10.146255311930968,True,CS5510
0c211f,Australia,176.47848955910962,-40.709177942164786,11677.555819523841,656.0800292897072,219.74039369177768,-14.546627221872603,False,CS5446
02ce7a,India,-92.19741314456368,-40.190894147530344,39475.209888748155,416.86105180142334,197.14583037924086,-10.665714419324644,True,CS2716
0cc21a,United States,62.24635741614958,60.51106306047134,30523.743625522162,546.0478969660381,290.27954149193096,2.368016789313028,True,CS6956
0ddec9,Australia,58.371235228989434,-21.968668403473202,34219.46017562051,428.8471204393336,318.0835043155303,-7.640345075113222,True,CS7818
05a2b1,United States,92.29029233743984,54.93527558043161,31806.03664703473,672.1380296241615,48.110202302227364,2.4512190199339585,True,CS6175
0dfa02,India,-107.89968154062402,7.00793318906301,19787.528803184854,429.6509285552245,123.20919170184753,-6.62526228121941,False,CS3996
0cd206,Germany,7.273323596226874,-52.564966254026366,12434.132674756946,231.48420826362246,294.58305163259996,10.398010999505193,False,CS3243
0b985e,Australia,179.74260696633888,-10.231218606469682,31129.917073326433,537.5388173727933,331.0318254076328,13.765651147151353,True,CS5672
0d59a2,Australia,-175.36777205146367,-66.96674005659006,23938.7908854684,517.5908073147566,203.29243681902818,-11.11164412277292,True,CS1800
0ca638,Germany,-64.8281065369055,31.691785799486993,28288.888484456606,850.8902247788195,66.97204299915373,2.486306433486753,False,CS2806
0db7f3,France,-22.385829881927066,67.85424467051749,35538.293173141676,530.25350063953,341.05364435180775,-9.870693736100774,False,CS7930
0ef813,Australia,-111.39360029213354,-89.82001850097234,17713.137270204687,742.9895374832136,199.6633355375318,6.587717003101712,False,CS8631
02790e,Australia,178.20537373181622,-6.8891448340181825,15837.544896148429,558.5100559309819,294.233638896352,-13.757752363196117,False,CS2747
0a24f3,Switzerland,100.37414196908009,47.476157424758725,11275.456907865679,378.4833974166759,115.10523459646413,-13.443119979236437,True,CS4249
0b3bff,Germany,50.41970314799147,-86.57508977823493,27922.268005650927,559.0349392539936,254.07924801666965,5.598117218575986,True,CS4742
0c0b33,India,176.0290670303134,58.51088347199678,23761.83322509997,573.2435472321642,272.01489441536967,-9.111250960438845,True,CS8350
0a1403,Germany,170.89640704411846,-1.528636353781792,35174.2847417194,620.838998909779,357.04951786276115,-9.512254183482163,True,CS3445
0be005,United States,-93.96764812329444,-30.569879783372436,22508.92236037307,472.91470705816965,344.9872827036069,13.08241425706245,True,CS8859
092548,Switzerland,-29.956191918336856,-54.018825939240806,11345.445477729447,178.27154362451247,1.6376540122763084,4.831195819185478,False,CS2498
0ccda1,India,153.89852028953942,-19.268569094381746,17678.02481718811,742.8517251286286,162.48529648780914,6.257364332969036,False,CS2884
0a91e0,United States,-83.24126150967612,-84.02265655831707,18767.588655696887,663.7965654253874,157.08923773380167,-5.270685074610217,True,CS8093
028455,United States,75.78222873180806,17.43614607917192,30198.156596216402,557.4322420490892,27.16122241800673,-8.0356739607212,False,CS8994
0f2b31,Switzerland,148.01426263764392,-16.331922570777664,16092.148093160718,227.84948675624884,341.96717132574173,-5.874575575733704,False,CS8560
0b6351,Switzerland,-138.7096726372738,-58.110935291635315,32959.85104184273,670.6225128573805,137.64456998150408,10.310666069704101,False,CS5341
03a94c,France,-59.67968681459564,47.42182528113244,28471.089224668445,306.45427568095863,218.80116314474378,-0.30852651494264727,True,CS5360
07ff37,India,6.398653767797441,-10.177988494593322,22381.99528051103,894.9131568695717,335.75662477873226,4.211038947184765,True,CS4040
048eaf,France,-61.681829396505364,0.8520308889207229,14366.108730258233,254.82879479306106,89.95311106330269,-5.0805309469296684,False,CS2232
0607e1,Switzerland,54.57771074707503,38.157060583132534,10481.856115001914,718.9901912132106,213.99138383643637,-1.4843559227272873,True,CS4510
0c8e2c,India,-9.791241932152104,19.504257001661045,27421.14825474767,663.3264472499127,193.23007431981551,5.871377779771333,True,CS7734
0bab8f,India,74.96298801722321,-50.06195340395992,18725.77833441655,201.16963474218232,54.832318556313794,12.398996030725701,True,CS2537
07c9ad,India,70.97085524938706,-87.80750789502976,12487.450096118739,334.89641842992677,214.3294688842093,-13.63581238949948,False,CS3130
081970,United States,-8.999737710905777,-56.10880618834783,34469.0057522218,250.0837388343592,218.4233690106678,-8.049494503212294,True,CS3000
033ef9,France,-94.95401288546478,82.46463037810298,14037.479956690986,693.7033492403539,300.1845599825014,3.191397574865313,True,CS5882
0dde37,United States,70.70564077022067,-62.10105072689636,17196.44316911232,272.98727506945556,337.4720331339705,1.5444601627239791,False,CS8542
05b893,India,28.28361039636701,-52.977291297710394,19301.890711635137,790.2796908973714,280.98501074111897,-12.668709536616781,True,CS9098
0479de,Germany,-105.33823643224602,-30.851959742058916,35682.51180525939,484.84812699527595,104.64224530531386,13.169171402227029,True,CS8479
0e4cd1,Switzerland,66.45924957655737,-82.34565002729867,27429.238318612377,699.989599948482,62.54910960829794,-7.837539473230796,True,CS5652
0658ce,United States,-139.00160504824944,-36.42123543663306,19309.150515596695,727.3127851283678,21.5072852016077,5.275633970829016,True,CS8281
055483,Germany,150.8769566722446,-38.25473871432642,38577.32197782206,551.3721734322074,357.0072589630737,-9.120678105197689,False,CS8920
084d92,Switzerland,133.97176425603215,41.074749011574454,30728.59084102504,528.5132073028813,73.5684907133489,2.4286281360809596,True,CS6982
04d21e,France,72.87958525004873,-44.295017410900016,12577.61347185269,854.2336199654957,282.65614096906904,-3.364924997302257,False,CS9478
0321a1,Switzerland,-86.88645877276916,-28.850403893097763,21139.661506704928,501.1682768843457,272.9170984726309,-8.999952488546793,True,CS8399
0774ed,Australia,38.614602790190304,68.95546206570603,18333.157705209174,431.1635587464923,8.9779887157353,6.1470339340146225,False,CS3981
0338fe,France,147.084887342691,-0.9919002289316552,18516.711412764707,476.70155232589946,111.58312502832064,0.12094012239460561,True,CS1005
04866e,Australia,88.5840719282802,58.485329070552154,32898.24909604601,460.29935023601,304.13411668590635,-1.1929741317012663,False,CS9518
0d9614,India,-29.42703185236627,-52.61811271715628,11517.588165092186,241.22653979027058,284.98026177234317,5.519062786292061,False,CS8880
09b2cf,Germany,-19.950252990891443,-17.25014371397394,24166.396141384397,336.0134122975273,31.735432601472553,-12.19149114154007,True,CS7246
0619db,France,-63.09516571847894,-27.885885863798464,16190.137028954261,781.4346296828029,316.54877011983154,-3.9604206867813634,False,CS2973
05e13b,Germany,110.92988750191995,-66.73557998699007,10120.53162963315,744.7555490737715,179.90336810350723,6.112897995724758,False,CS4175
06e01c,India,-118.12671728508954,78.84537587436543,10024.621109843907,483.4375175179212,351.57960439514005,2.471332522192146,True,CS9529
0d8c55,Germany,95.47104459947548,-52.159535612240354,21678.10380466907,345.8219096074559,208.81903624142942,14.04714238476134,True,CS1882
043b7d,Germany,-48.490483457615795,84.69519359776424,16365.370069910627,219.94542114595077,213.1001843529674,11.668198390335501,False,CS1222
072db4,France,-69.16157388442595,-71.74970085901182,29661.253808836016,553.763109567459,7.286106341150136,12.356680963094824,False,CS3629
03847e,Australia,-6.281765726818065,31.455425230468336,37592.1720362144,310.21346315176385,258.5570228269313,13.199501134384416,True,CS9467
0b39e4,Australia,123.25678352028143,41.70921955427929,32071.211002285556,793.8954231048288,64.0968877063607,14.764856649822715,True,CS6891
09bec9,France,-45.67736776449641,73.07395964572697,27357.285325186098,752.8156885107095,157.32011101574872,-2.5645402218336173,True,CS1627
0ce4ca,India,-146.66050130312124,24.94817218089186,25162.471914901755,765.2082187149956,251.06436757061826,-9.260228181545171,False,CS2015
07318e,France,138.81507091308043,57.094477065393875,29326.18396886987,613.8830950077875,17.57678988391907,1.1630162915170281,True,CS7893
06de9d,United States,-86.35886444511868,29.664853422938066,12105.42953291753,452.1546586850834,195.9900089988414,-7.920720774600575,False,CS1255
09f9a0,United States,104.69380044281314,23.608244739563105,30591.983965029605,814.3621428321802,320.30026159781465,7.198351813630726,True,CS4753
0ce8de,United States,-51.116548521580285,-50.77266586148913,16111.509224540358,369.1745391121811,140.06684153480762,-4.887924904627122,True,CS7747
0baaec,United States,-70.28027168514382,-30.86729042754539,34373.53748154551,810.8992834883477,326.6548258643027,3.4883441292990867,True,CS7552
083456,India,141.2415133767105,-32.22204468653617,29387.919135911518,880.518913670475,60.87622546638777,13.96650715892265,False,CS8944
0e4ec5,India,147.77851189809547,-32.628312084579726,11312.06024726283,518.8375343413724,232.81720817399616,8.85108642581168,False,CS4124
048eda,France,25.217151364971812,87.84009831717802,26850.66090341514,605.42272040182,196.6071473257551,8.810289350983961,False,CS7359
0bcc08,Germany,-59.19950422246356,-21.557690095664952,35222.51449097581,632.7573608101437,53.59411813485521,-8.496769210074628,False,CS4047
0e4104,Germany,-49.12704220162985,-25.678166166502635,15309.627626991802,733.8018566819884,133.0799403558857,8.819880028877048,False,CS8189
0c0b95,India,-175.2805781719807,15.053058854175305,23947.775781492262,514.6845997821721,300.9365986900477,-12.43488037372163,True,CS1303
0de1ad,United States,-91.97822196368593,-26.660902590275896,30983.88830852269,768.6046436803538,319.4197367471202,-3.035506562297778,True,CS8454
0ad045,India,137.8622010774563,-23.302062344467828,12027.754099167832,533.286162479603,76.23908928853542,3.7315634651340517,True,CS2275
058136,Switzerland,-160.84311218271236,-49.47869287836414,11318.596495200509,220.38676923119255,164.688245212645,-7.959132407187161,False,CS8923
0d8739,Australia,-65.52570492512552,-9.35370915911001,15310.399424646303,150.7527713052815,35.21369885877536,4.304072389691054,True,CS5929
0a99b5,France,-54.52338901921944,-52.791509581351036,30190.24503943044,257.7858666682331,344.89784584654376,-1.3574052497752707,True,CS1260
03e015,Australia,-169.64832497131786,-46.151845677358786,20260.713866688733,360.8763837022902,41.068876866356504,8.123348898727848,False,CS8113
0d2653,Switzerland,-125.27662532263705,20.953115831935136,24134.002855763283,701.3764605895292,286.89983437479566,10.26947789834276,True,CS7787
09f0cb,India,-65.10689642779317,-29.28112653550202,12450.213177278802,346.4552440746066,297.0907437228686,-11.59901546433556,False,CS7499
06db0b,France,49.58686207559401,-67.11118098659077,33628.41297252719,774.4172301691513,340.1300025389645,1.3512905016255417,True,CS4308
07043c,France,-145.72012265381431,65.83046719337852,26639.477397811886,293.1321902822393,185.9698934340189,14.091847893600146,True,CS4565
0d2b5c,Germany,-87.11293756291141,-55.03013908674264,34977.16362522484,561.6578196406972,39.03992117650515,0.9406781582555777,False,CS5900
02139b,France,-35.35278715578937,17.378884367728872,32127.876648060494,289.63770913947997,37.79805287744996,4.542109974435707,True,CS6464
07e9d1,France,118.49956827052563,-84.80463416996446,16826.922227127427,439.62058678711793,258.156804100645,5.040051144123069,True,CS6394
06819e,United States,175.27845147478178,-39.95398975080948,14593.85608860553,534.1226288746116,155.9135059127726,-1.509389280499006,False,CS3907
07b294,United States,-127.08672932468636,4.760776738310184,35847.501038590926,898.9410399345229,55.75372803854967,-8.994495133739957,True,CS3988
07eb03,Germany,46.65471476807696,40.09336809787939,11659.00508669825,369.8668649332715,108.42829324647252,2.3643584909972475,True,CS4553
0ae580,France,174.23550522340906,88.20556790500518,36522.24184393282,665.9332107629095,305.4216455118134,-4.8947169528995165,True,CS2134
0d59f3,United States,-63.67964937379749,-24.09660042938357,26665.014723723587,557.875229064332,45.23694910721313,0.8155624021864316,False,CS4970
0a1756,France,-5.279163957649558,-28.921438350706012,25454.598761103305,198.62440580208934,4.325174277214017,9.532030342120194,True,CS3246
0c11ee,France,23.608840711923392,-83.91751586592923,31249.326249270012,509.8328054159925,177.8343041579508,6.529938957815709,False,CS4983
09caf9,Germany,17.087348028742014,89.68983931415141,13604.856806128526,663.136754285405,182.68795150323226,11.94515108109756,True,CS4723
0d264d,India,153.08527048705685,12.302914842884505,28257.564634163165,337.2460558417965,72.74157685373223,14.20747360774461,True,CS9077
08d338,United States,116.0807081021178,-87.40061369172953,10505.825330119598,532.7505599771921,131.08171837989806,-9.046978315628115,False,CS8474
0ae4a1,Switzerland,49.647479616615016,-7.17017283011991,30737.923274482415,187.02763599700418,0.8357193083110692,8.570603183253414,True,CS2690
0dbfae,United States,129.6177861363683,-64.37942978782465,16710.614348776726,553.4499989769149,244.19183940312132,-1.3025064523051402,True,CS9317
0e1131,United States,40.617902800984865,24.885670530374355,10338.732620821029,727.5828721585531,124.49981702927455,-3.0031440119405044,False,CS6330
0549c6,India,-111.19987572618008,-44.025332558945806,18498.885351724355,421.9674583586114,178.90026784435122,8.662387821699962,True,CS8895
0a1267,Germany,39.166981899052445,-19.34692691347766,25792.715260839468,739.8154745207545,221.53116251466682,-14.330120433279166,True,CS2507
09128f,United States,157.9569699963253,-14.061901630859609,21474.012801864566,650.0625932658882,311.6363196786506,-12.784070523812325,True,CS7920
04392a,India,43.641084854191575,-74.71181118459042,38352.669497737705,262.0533843548247,355.2221913748185,-3.1140133391035416,True,CS1089
087a50,Switzerland,8.660587680321981,-35.46365530539172,27306.581526189017,601.8744984005987,13.663268489112802,11.96327513417081,True,CS9653
04227b,Germany,71.28379122449329,-34.23383322237466,23352.13890372021,543.1848677045278,63.1778531783059,3.789839037369372,False,CS1618
0765c7,Australia,95.54588712112303,26.011258518333506,25505.220972812793,791.6791968121895,255.56449633579277,3.3501549482994193,True,CS1559
09783d,Australia,108.05374424916488,-41.66635256887218,22952.804926068027,192.05845091552123,296.1969349507293,2.9049070518250097,True,CS2208
028a2a,Australia,153.80675459751336,-64.94371436743887,30171.475112454522,650.1053147507989,284.22791388890664,-0.23083020903547613,False,CS8052
019beb,Australia,-158.61474490143152,-42.23168692331819,32952.45503606509,575.715763235013,259.33830800060633,-11.057002402571133,True,CS3284
0afa94,France,171.6805331829089,27.494585741889253,28917.713213745414,606.7699968415209,312.02560808063856,12.363754360935712,False,CS4183
0c5688,France,110.50248520022444,-50.525003070138666,16900.28933979742,650.461481542437,190.27688295649756,-3.932401278347889,False,CS5735
02f4a5,Australia,-76.7375990796678,-58.45774303992897,33366.12808149219,823.8402919128528,171.83867484688437,-4.727011461028212,True,CS2112
01a2a3,Germany,-82.53092218789031,56.70807642112945,20876.230972665137,178.87049056280082,356.01993328250774,5.151042349153265,True,CS6660
06c194,Australia,-19.968241166856643,-55.619973047900096,10032.47452629867,819.6310167792063,335.74524583481633,-13.655095930737994,True,CS9495
0c8bdc,Australia,-177.54389495494272,-11.855714254081505,28310.60528160922,544.7991393300832,260.80444909088067,3.253873770125665,False,CS7550
092a81,India,88.15902613860061,-3.095670473605864,22344.966636600926,617.3687555305675,192.54043264842167,5.738930605753225,False,CS2176
04d906,Australia,-33.73353782086997,57.2463750427664,15536.237451179259,301.81875702818945,344.1131310492002,3.438177779057341,True,CS4345
02070c,Germany,-8.886645120459406,-20.644762092500116,23690.939739914033,645.3006706673896,219.98767751454767,-1.8611621514287453,True,CS6178
0cb4b4,United States,133.52124744965806,4.211600724537988,17190.972863836545,868.6486094129201,129.76963902148898,-7.079851996783194,False,CS8007
05670c,France,148.92686172253252,86.93397340579918,31289.815154719025,333.0641630251938,147.08225375800603,-4.790727655309405,False,CS3185
02f9ee,France,96.45730936127956,-1.2786395813797924,20069.419732852668,309.92607980933826,69.31963226600324,-4.25055516920369,False,CS5354
02cbb5,United States,-67.00870401910326,-67.7461765139154,28314.05562472909,399.2396222170397,236.02216689880208,-11.00795285413629,True,CS9018
0ef212,France,-59.742411771647795,-30.48184652209369,22415.909468648773,575.0196780389208,194.97240925336547,10.064015193444249,False,CS1730
0e11f8,France,-145.24139260027704,-33.91442789596502,13858.768761915744,824.7448790247554,185.3841740897901,10.065749409854291,False,CS7620
0c409f,Australia,-135.40165997362587,-37.263341459295255,39239.59144067025,501.6460763594845,252.11153070583063,8.436180228912573,False,CS6557
0cfb85,India,-24.644673527783283,20.621402316460106,23684.21761919104,894.9825146054989,254.91867492792417,-13.571989829116415,False,CS4075
0dbacb,United States,-88.69149487373969,-49.00730934895766,23672.535408602605,790.8068349480016,200.30174567287128,11.25172942540856,False,CS9057
05dd53,Germany,67.42696212260569,3.741936201239156,26222.622915422988,189.23896185843998,109.78317620061577,14.882086395618717,True,CS6126
02b38b,Australia,-83.14329823380521,-15.764852575785753,25075.35410340967,349.3052560162315,24.96844255534735,3.6628744306007803,False,CS1572
0d487a,Australia,-26.727374814451622,85.58179744988709,32446.183176508683,360.70325132235814,6.186847351435096,11.503051073180266,False,CS6370
04d354,Australia,52.76672611677006,-70.40587544514901,16129.973896564441,722.3053344349189,60.157165927485046,-0.11056666327490738,False,CS7664
0dd166,India,14.177531806129878,-39.65325260814035,33928.18729515087,558.7871338804941,196.98016047662966,-2.4067014877013158,False,CS9386
0578dd,India,100.2125051992702,-75.99557579884022,36730.49834550043,605.3396313821331,37.05173764874385,-11.85722047918294,True,CS1011
0eee9d,France,145.9836117217202,11.701649975841903,28918.263760339705,295.54966037276006,58.92443031613893,1.5421515422294547,True,CS9257
091689,Australia,-38.36576068361552,20.444103670484637,36762.94048258035,594.5628813883488,179.32670108399944,-0.9726686266702398,True,CS2807
0ed630,United States,-56.4761535271022,40.26362970727101,13609.429588270175,590.4937087589136,325.17764460849946,-14.070088693775546,False,CS6730
055527,United States,18.06774048158107,84.52852321812588,14673.724729917416,162.2081004010933,56.209467839533445,-7.064170193980993,False,CS1156
05b1cf,Australia,-61.77626275662101,55.20599480296238,25892.934649964198,587.0813217457508,42.141679686419764,-6.321231205247221,True,CS3674
0af2e9,France,-128.73684253449136,-46.147830015395215,13988.99775533971,698.086610868597,252.69536889805525,-11.821896997691608,True,CS5952
03e2bd,France,-36.51126833358512,-27.90239704205937,36232.890518789456,650.6133908107399,185.34223262638886,-14.755546038418597,False,CS3995
03a3a1,Switzerland,104.24350136542193,63.16482702439288,30203.00807617021,829.2660153153026,293.4985654481543,2.8094009170088725,False,CS4113
08f744,India,-151.86599820149843,2.8011672610985414,19619.32090187292,751.3625013310107,51.508974598193255,13.167542368591977,False,CS9403
054498,Australia,34.533432137984676,-72.86505675066266,25207.675485041735,354.19440964933654,33.518667848116486,6.093238646608704,True,CS2456
03493d,Germany,145.27367025710691,-78.14497710106629,39470.975171800615,727.0832339589167,166.95421751757354,4.70900290349266,True,CS8164
0e121c,India,-133.95268118242592,-21.761001262344337,10227.540999844707,754.6235887846442,255.42398495027535,6.199837969588135,True,CS2315
0bd8ca,France,-158.3691537067908,32.0661576484118,12400.199357689551,515.9740754927224,279.6470474204216,-12.826590497711814,True,CS7407
08b076,Switzerland,112.40704089064388,-40.03629425829588,12743.507709658503,397.65521319034735,334.87884225291236,-6.844677224003089,False,CS2485
08415e,United States,31.24776931945874,3.6311328679854427,31231.42237418734,568.6592528940123,179.78214564030887,-0.6216593020726542,False,CS4387
0a8985,Switzerland,-55.027517305972324,33.39875160061928,14538.954172319136,373.1838680047837,299.1220353498778,-1.2142112158090494,True,CS6155
063519,Australia,-122.91078546148259,46.33143604794029,37707.49661617834,839.7368795500479,133.77267127399227,6.220371656857733,True,CS9826
0bedc6,United States,164.83180452589835,-56.41283800047639,23322.17564308428,639.8348623584236,296.0467204337699,-13.075755737261023,True,CS3670
048b4f,Australia,40.23578265761128,-19.488959747414356,22064.35364698276,269.2917071860377,129.1349695388883,-12.365033084562723,True,CS5479
0c261e,United States,113.81137974525711,8.265806329112323,11861.151596565773,227.40771658890924,330.4896755380729,3.7590978644738975,True,CS8684
06efa7,Australia,149.07212231467207,-28.33057626706409,20047.067506036088,720.5060381641157,94.257282199593,-13.64774508662147,True,CS3950
0380dc,Australia,131.9709272517622,-15.382686760563814,36912.69991797667,792.6909725140337,142.09133943966503,10.106248919439537,True,CS6973
03be2f,United States,112.2209729138894,74.87036512914474,17085.035444077846,205.1234827230977,231.194372989415,5.123317956769029,False,CS2993
05f9d5,United States,148.8887071835481,69.00230424187168,20794.50796933165,881.7204088726364,344.2623281289791,-7.054250717448918,True,CS3279
0cb633,Australia,-37.60239404844944,53.757230290799725,12372.448567835258,476.8746084169014,237.15238020947186,0.9268470387611156,True,CS5026
01aec6,United States,-49.32939008123367,63.34829252680305,23009.116595328356,242.55923467450896,225.93787679199812,-7.186801433448606,True,CS5316
08d7e9,United States,49.845962199576235,20.011684984758674,15190.369526735525,176.22518048312122,22.639233827827812,-8.012929204722516,True,CS2058
0e6859,Australia,138.7269193299307,57.6614669286333,16071.827870907659,205.59249219353143,125.49274029928822,-8.39405668028918,True,CS4047
04d278,Australia,-171.16175886624825,-88.12946001426923,12088.75045125332,809.5028617025635,57.06481941555494,11.631683484398188,True,CS1035
0d3b2a,Germany,-111.53264329923178,-85.98508809875054,18660.160720434476,790.6990574479521,0.3238188477252235,12.640247101405656,True,CS8291
0852b6,India,166.86230846919892,-13.744218105963284,25928.611601430075,208.29697273512747,45.581311445384614,1.7943256398027359,False,CS9754
0289c8,Switzerland,-33.84000628528645,81.98934684526478,26455.98883963068,470.0061017590163,257.51348765230534,-2.2003527045029116,False,CS7634
0c62cf,Switzerland,-44.16096644247733,-40.699810631553945,30249.283827430285,821.2067676747954,322.96949189483803,7.037064111901984,True,CS9295
074b6a,Australia,90.00841111117347,-7.3375938797375255,18677.48062599522,630.8077973588499,225.66960930135244,12.96077975678325,True,CS2191
061a15,Germany,175.25176174638557,22.115719627411934,27710.360166343406,424.20409803937156,27.044599429787517,1.044713469025396,False,CS3983
0a218c,India,-1.1310598207271596,56.910032056795416,15053.312057269095,832.4088349500445,229.24803360500306,-1.0096801764691836,True,CS1177
0359f0,Germany,111.14167193664616,-19.607307429325203,36813.8638587973,728.2988767061673,117.88106679629777,-2.310521991850237,False,CS5581
08b976,Switzerland,-138.63418320743529,-67.6163627493379,11838.26505791133,327.96762785919645,213.17046057445882,7.003302176714406,True,CS5887
04ce62,Switzerland,152.94281898510314,41.164269065569584,13484.019095228268,672.9192530697811,320.0853489547537,-5.805509385624447,True,CS4331
0e30bd,Switzerland,63.52257288448476,-8.410001406506296,28333.417157765398,242.88019683693295,73.47188964461529,-6.432108101298796,True,CS3888
08e0ca,Australia,-25.209830245446597,-78.85531927935929,29996.09509619407,157.78723786043625,15.480048978622971,-9.510208850988601,False,CS4897
0d8485,France,-77.82474306825102,64.37594554955669,10289.852534154277,264.95978597738645,165.54959122885208,12.859797795985589,True,CS5784
0529bf,United States,10.890573409204848,79.97479084287602,14183.641605999082,365.45710706524164,83.51631609907493,-8.738636843978306,False,CS5802
0e9746,United States,31.089227068475253,-79.816981159923,35410.37975293238,204.1216591102883,27.850386943439368,-4.531593727578786,False,CS6705
06a058,India,-52.54361903646071,25.34960943025672,24667.548461038226,427.2545307566224,26.204859522406615,-7.140487707678646,True,CS2376
032c59,United States,23.888691126740667,-68.48591733579424,13999.34362287855,424.85730924172015,48.08210551990698,-5.318619764932485,False,CS8620
0a6749,France,154.4124222821922,-1.3071967255448982,26854.286854389455,860.8661419041382,201.42491643929776,-9.684799852863991,False,CS3707
0e34c3,United States,-135.93496434192852,49.4736656482294,38419.14340095832,885.0979915537282,288.5019139083055,-11.772478371266589,False,CS2595
06c91c,France,86.33626676874155,55.665656050435075,12671.511410860625,300.4740201632689,211.74961232490818,-7.182566779406766,True,CS1003
08a83f,India,-104.50079461856681,81.71924978566784,30211.611663724565,402.5053420416351,46.51410267179795,-2.843782331368658,False,CS8740
07131f,France,-171.07297520347055,41.99879601978077,34171.434143168284,428.38404562399614,147.06552149310713,-6.291313466677165,False,CS5325
0d38aa,Germany,176.4492366487678,-86.32204025564202,14923.213110486377,811.3994315615363,38.63131580901414,6.705267604376672,False,CS1660
05fb8c,India,-94.66844484566515,46.64797515896191,21433.16287400749,786.5722795950751,58.81032103406372,-13.97126905992375,False,CS5717
0b9236,Germany,-8.229519505336185,5.555804032251444,16323.584642587273,596.2595951311766,88.18456929414351,0.15585226565036514,False,CS1315
026027,Switzerland,-150.55493996978282,-6.584375368690317,39650.19573891227,744.5187162095121,285.6702086161582,8.592469142293105,False,CS7987
0e9471,India,-100.48822623295018,38.788649558453045,16684.361004880728,888.8327782431828,182.36222015757053,1.685135215864193,True,CS2357
02f2df,Germany,53.51005824842528,36.27059201124749,37358.040264501615,287.7384853359571,9.344053847929818,-10.018217434671824,False,CS4592
086b99,Switzerland,13.840854164322025,80.97259148538981,12182.644929641521,875.9071314255749,28.70149294472981,-5.664783835198573,False,CS2871
0d1649,Switzerland,69.17589467102584,-27.61435148176608,13443.823166727168,191.0995532673776,213.76439663532872,-7.51875816399054,True,CS4154
01f4c7,India,-137.38333381126122,21.125499879056875,11380.037722119316,701.4574779573848,235.35273141417287,-0.15498687320913795,True,CS3068
09346c,France,-95.5559915249928,-36.78831086393613,26535.992050918223,507.34703421918175,45.55843109150815,-4.730570808036676,True,CS4806
045a4e,Germany,170.36971067042168,4.396467296583609,37104.66441897482,675.2510976205209,38.95267995477315,1.9581338690651222,True,CS8557
0bada7,Australia,37.04438878348313,89.67134514248349,15053.733425229162,454.2130962257086,123.41917731190931,-12.813851426671238,False,CS5258
07ef23,Switzerland,135.82678512519175,40.14412098608858,18401.574867132185,287.1592614716663,163.92552649913992,-13.804217599492919,False,CS2786
0e6ebe,Australia,-132.26526270886905,58.22212842883161,17295.601482397484,206.8964286895322,135.9909417866303,12.251982149245457,False,CS8511
0f1386,Germany,-97.93731269332463,60.957897048967,15678.13834779865,371.89710943693154,316.7213093729712,8.246430540355231,False,CS3728
0e4756,Switzerland,-104.52014155689756,-16.955208645734913,21057.51548981332,528.5038522487318,295.6084442336032,6.0561833469989,False,CS3119
042c7e,India,39.71542213351469,28.827815249926175,27668.30037119491,817.9628185570322,86.00050153559098,4.660770310590593,True,CS1501
032df3,France,4.889248374939115,-36.48340780381761,19537.786710985827,632.1943868020619,133.86844381457797,5.350715576950524,True,CS1373
0f0911,United States,142.95841039899494,83.69783573760913,17236.91007159699,550.1439971373682,106.9550443032422,-12.044760595027647,False,CS6994
08da90,France,-124.84814782866204,-17.680397455328787,37508.1405878264,488.6134336836593,77.69014560053596,13.211915965170274,True,CS1627
0c1fb7,Germany,8.209306629327955,-36.063433351091454,27410.06425142992,241.2995559320159,122.57781787899629,8.088557712521013,False,CS9787
079df5,Germany,83.95321019918998,33.90660375943699,26523.87549774875,332.4408916157353,357.3215951720661,-0.6290103168217716,False,CS3057
0e378a,Germany,-167.40096324537177,-72.90736323426265,27378.735166803846,344.81088094673066,192.31122530370365,-13.066305563511303,True,CS9304
050e46,India,105.01353677096961,-62.42384424533307,28902.828851480073,409.9548607790749,10.08238894369683,3.373771528441953,True,CS3702
0ca473,France,121.67910627464192,-29.971235418731993,22812.94285267077,851.8444020028971,45.20604496276243,-13.221313992032234,True,CS3148
0d9967,Australia,149.7491604238113,67.90051826698223,39408.788582305,505.2307533274527,0.903817640193112,4.800848625927429,False,CS9941
0c14f6,France,-17.683316413005628,85.95436720131474,36206.54533364984,298.3320214777793,24.205168611369206,4.918934879177666,False,CS2806
050675,Australia,161.1518157047028,11.619979987318317,13609.84424115642,286.6577303873734,12.480438807345045,-14.536943875566381,False,CS9453
07786a,United States,-70.85217208826546,0.37352574228663116,10056.869269882056,883.9140912930865,91.56335404959285,14.20294172146291,True,CS1593
083874,France,-29.981763252265665,11.133979091753929,39967.388091380504,808.9285774199511,18.13065714260088,-12.871951369980247,True,CS7882
0bbc58,France,-104.91213674063854,59.562638212126956,36933.03564033573,284.90570977786103,145.10464156990753,-2.722111639158131,False,CS9893
030f3d,Australia,118.19678858600258,-58.76627690628102,26997.461985408587,286.81325312369995,41.732128559288945,-10.905020471363112,True,CS5123
05dae5,Switzerland,77.22760226886646,42.74329605112047,31027.748236592433,823.56058345527,281.9864728653772,-1.2190110596511268,False,CS6845
020c12,France,-26.34389629434847,-15.086310781533243,37099.99486961235,353.55863794714026,329.3625700884598,12.913807172051836,False,CS9202
096bef,United States,-24.64963797444676,-5.570300469515871,30300.52290256199,621.4255892984721,83.42422303195328,12.792843673275968,True,CS6106
0be993,Germany,-25.451454353550304,29.06950152903761,39302.73410424186,215.0797003714806,263.46040166800634,-1.1780356022000014,True,CS3051
0d8b09,United States,144.0843082320011,52.99552919836327,23064.147356813704,828.7965167595312,211.7186347113288,2.387739646869818,False,CS5591
09477b,France,-48.308648489012285,-4.36220024338553,14472.502812661314,678.4799634954089,203.22268621359856,-14.338629754249052,False,CS2843
0e7d7a,India,36.99747993718009,61.27481588893792,35606.281974396756,860.5782314331851,29.030792126417154,-2.5904414424768714,True,CS6585
0ebd06,Germany,166.22940123065092,-66.34469398914743,20598.87499329006,896.9334146357573,229.12100038276904,-13.071353163314848,False,CS5943
0a7bb8,Australia,-23.475410273360325,22.10324856264728,27053.428167168913,591.0807881882566,293.25643846516283,-4.72862651692348,True,CS9923
045aa8,Australia,136.27788578181418,-7.788277743154836,18879.996936051233,455.1370500442905,96.06060014723872,0.6282437488786581,True,CS6024
048695,Germany,165.69734306128527,-28.678016700759564,18432.131620728425,543.1004967805206,256.35431387705955,5.714547132640053,True,CS8011
0653c9,Switzerland,169.63762179823135,-81.92852857330654,27356.855521279478,272.4005247573825,230.53321701964424,11.052790467215846,True,CS2709
03b1bb,Germany,-117.35395280700891,-57.182729788459895,10736.580350629229,659.4718572682191,8.835813024496574,0.3027313578228057,False,CS1806
0ec02f,India,155.1256750055627,49.83060450459752,19867.833444802447,364.2365920976971,109.47350345427338,2.123042732625972,True,CS5621
067820,France,-126.97522498454522,62.63877528781248,13466.131720334773,530.0616964166204,73.07943328766117,-8.332394120450012,True,CS4540
0c4331,India,-86.53539149705585,-88.27341601743943,25780.980174944605,694.3127388725629,303.8307615437709,4.404958055330567,False,CS4719
0255f4,India,-170.35183626555437,65.18610563794991,18426.70560024293,672.3496392042472,80.32633529015901,-12.37250177533307,False,CS2176
09db8c,Switzerland,-138.9156800391039,-54.58981575915605,38817.01064359255,556.1298905765823,27.23960686381251,-6.616935937696336,False,CS9877
06cb79,France,33.299274759314585,21.75251337805976,33702.84271364627,624.3803437301269,117.41627466736932,6.887400023157479,True,CS7795
080034,Australia,151.25453021169523,16.100736516230796,15223.488065758145,856.451316541024,345.8163776755681,8.218767100916867,True,CS9741
09f52a,India,100.48023162116874,36.22776069768834,18691.094138751338,347.55749912387853,267.54322982005385,-10.418357936835216,True,CS9349
0d0c2c,Germany,-56.91831619594444,-56.404854125320384,37205.25550650766,888.4731092453287,183.51921532681257,5.838066738441942,True,CS5638
07e39d,India,-65.50979498759307,16.864987191120903,17970.677104249993,372.684640256917,81.63661622680358,9.413929634406035,True,CS2485
0b0b9d,Australia,115.26950659400148,63.83691963866832,22057.458433373373,483.76099471383964,322.5286167420942,4.8725342943803085,True,CS2220
03cdbf,India,-30.80440443502735,73.39755511638239,38919.01111899974,643.7495317235107,28.092648725995986,-11.271960622737813,True,CS3276
0638db,Germany,-55.353211251373395,72.29481156313275,35095.354330164664,324.10776489777066,64.24180488751512,-9.811836540975982,True,CS3589
06a993,Germany,-56.22479343587196,38.29387169480108,31289.791254288397,280.25423916192364,70.652975387444,-9.377462461468646,True,CS6165
02f9c2,France,134.33984623877643,59.67331953073153,35363.952983418225,254.62912732422404,334.07092168165957,-5.816498243020167,True,CS4476
05f7ae,France,-71.5782428574381,65.70232466486908,14483.678167135047,425.54074592345063,92.56345059254943,9.704718209316695,False,CS2675
070b5e,United States,-51.475495536556366,-66.86072964488787,12296.849535378711,330.9757839384654,76.26021899174648,14.208305688839463,True,CS6595
0cce5c,India,84.47173418251492,60.41566418213779,24193.565455001895,502.37082356330154,133.08095334215884,-5.887730966809903,False,CS5529
0cf5b6,United States,-17.304094894546182,-62.28666503184551,21261.034571915636,875.3529578260235,288.35732529819245,8.931896456941566,False,CS3521
064b96,Australia,3.041033769580821,-61.15463851562728,37244.91713898312,649.992074441437,138.92571647266658,8.509568027252971,False,CS8284
093439,France,-132.76024825505854,39.37877979299668,33831.29428214952,714.5507862510503,224.95763725929592,-13.331340292316822,False,CS1084
082d69,India,-133.5187477557453,-80.5145025546511,30815.611883595582,639.9419361706923,234.26400214540539,10.483705753616459,False,CS9031
0bd62e,Australia,59.431298757113666,87.8712341352036,23489.817263240126,778.3374958690022,71.14033604789905,9.183908696237289,True,CS7899
02e725,France,109.9014986063491,-5.0048272897526545,35335.58726591898,449.2069269775471,211.95025082282044,-4.219989534259714,True,CS1937
074f47,Switzerland,90.92282809859734,88.9688427559309,33305.65631419809,399.72078593932997,43.09531975185866,2.827751761552328,True,CS6983
0465cc,Germany,-47.18552147859512,-31.411204399966138,39228.69589667737,234.4013728007009,26.061022881433576,10.575594399156916,False,CS5722
01ee5c,United States,171.7144325978242,-1.1531959468595545,34840.623425044054,359.3742782791049,17.309463049844833,7.815716202730503,True,CS2830
0d935d,United States,-103.1911350637997,-89.91062445148594,22232.64983520274,790.5700013024965,238.27362396426363,5.874308996746954,False,CS8244
07aefa,Switzerland,-101.91963427602805,74.96278049590342,11868.534775853139,455.4533698128511,249.5750163241384,1.7462316708170427,True,CS6447
05ce86,India,-54.21846704604144,-56.603019332594776,32080.58389652195,825.7784512030252,120.31368261423461,-9.349795952337416,True,CS4793
0d37fa,United States,-174.4155017074337,-16.012762648772892,23106.80952745518,621.6995122751284,184.6154316067777,6.281064497077757,True,CS4768
058b9a,United States,-32.491230302965135,64.01599525685214,26091.04688655989,785.4972833106686,222.02971388126807,-1.7788484791701702,True,CS8804
029a7e,Switzerland,-165.89318768424934,71.26056438608549,24442.084453588053,660.2863820593889,15.369799046197695,-4.870134867115828,True,CS5821
08cf1d,Switzerland,-175.0830962915281,-66.7205149799484,13739.816714973165,485.4263508002392,321.40129891252116,-5.941726132681955,False,CS5318
0a1155,United States,173.25943717122482,-67.49062586345933,24454.381296921834,489.36235923173064,1.2119284296157673,6.6003594841341595,False,CS7881
0e62f1,France,-42.6699025203275,13.563110219145614,38882.719415916225,786.826973509071,97.70654384883497,5.880956895333277,False,CS4172
0df37f,India,-134.9524594412489,-88.84066396830781,10389.366040698496,890.8768612422699,316.43567167260437,-7.838003767969929,True,CS8114
035887,United States,41.024896179795064,-81.13423509013587,23650.408049588936,234.1443970251942,101.92720276587173,5.578155830326391,False,CS6323
034006,Switzerland,126.372793828179,11.390528014584191,32965.76000777708,456.69873788126426,87.33710427218583,6.836696663154719,True,CS2075
073bfc,United States,129.82546469775923,30.327990887674872,10113.86362174762,816.7626038873499,272.3869764034317,-2.4483390220005354,False,CS8748
06ed6a,India,72.93635181702552,12.951514033519544,30088.26381028699,650.9972466076435,283.59178992913485,-1.8701496769491683,False,CS4417
09fe42,Switzerland,-100.40141747983981,69.80910459526092,35902.22864834413,265.5360996885674,134.07057858582147,-11.13465754231911,True,CS1415
0e1f66,United States,112.2911172273275,-81.68816205457168,20764.246676304985,731.3807461275827,292.2415600395688,12.294878162379813,False,CS6686
05943e,Australia,170.85388531771827,26.481974014244926,14381.516267002182,697.7433650573148,258.24200490712695,4.934672469077267,True,CS2160
02b8e2,Switzerland,-33.16728803963943,81.57758367848726,31386.305127315354,488.430451004355,75.10901747032395,-9.673696985695393,True,CS7035
0c9850,France,157.74054105584685,-45.01062552367129,38494.69634527438,837.371044353488,107.76554486428093,4.66024360273768,False,CS6993
060862,Australia,93.34953825112217,-85.33663791126699,31893.682669099064,269.84228717520256,329.24572974860575,12.262024491456241,False,CS6362
07c92a,Switzerland,178.01855010200694,29.703686671680117,36429.55994694904,853.2905619237541,179.08326477824616,-7.728041736285229,True,CS9112
0c4bc1,France,-85.32148684325335,-27.721033481408938,16409.200937054993,857.6576611040575,26.55476808793999,7.6958742886968,True,CS8891
0bfa0f,France,-150.10867518338893,-6.779974577277272,25073.151589514393,544.6718737616645,50.27865391779312,-1.176863206446619,False,CS5339
0bd702,Switzerland,19.08653198713273,-26.956781790090083,26096.90824936001,809.7330948110017,157.54632506098145,5.225300652389791,True,CS8361
07f26c,Australia,23.372338329349247,2.3254566128085656,38220.27889782363,696.1081511201552,75.31565814741653,-5.222712456832317,True,CS5939
0d6273,United States,15.849907018630006,-20.320262601764327,35815.69054309823,332.78793735477717,262.5405715217978,12.17278907103913,False,CS7348
0e7b1e,Germany,34.68652034848188,-43.89195140073762,12410.574321247641,281.30728830334147,162.76668257276057,-1.2994992415092401,True,CS3646
06476e,Switzerland,153.62175865309337,-61.684214883875,30059.783701956538,668.7906776800048,156.23552336134324,11.83864824181957,True,CS9895
02f062,Australia,-113.93895176847222,-34.813815130802965,17265.44707456313,614.5554251446838,80.44746293938444,4.191346266245436,False,CS7308
0dd847,Australia,-70.77996629657964,-66.70792792726066,21296.834167387715,604.6399117502984,18.204830373398035,3.0305080356048357,True,CS5855
0227d9,United States,52.559529709838245,-55.81066086366107,39804.76151792119,460.95562246912624,236.6204959620855,-8.023216584050756,True,CS6117
0c968d,Germany,-153.48897828007324,33.01428971936657,16148.348256264504,197.76455176710428,236.83807874654934,-4.439102756747388,False,CS4114
01d32d,France,135.67871662617125,35.64658245141533,16170.638374352526,228.1775141798869,20.87454960706472,12.915640824667967,True,CS2783
0b68f9,Australia,-120.69463533211496,21.42347035963877,16802.673317280223,608.2933489279842,235.21341765134196,-12.921457255335472,True,CS7580
09f5ae,Australia,-139.8836768843798,6.002586382376293,34690.334062705166,393.9422291883746,332.54826864366555,1.955327381670397,False,CS5987
0ac42e,France,145.92520494823236,67.79447689814435,38018.89087733996,722.7194446100717,100.96661071068108,12.278851967455441,False,CS5634
045ec8,Australia,158.61080868354554,25.892966239563265,30848.462817282692,328.226272079895,324.6782792416543,5.093164369567418,False,CS8151
0c1750,Germany,-51.48835761955698,67.11119076289879,36607.15544875849,403.2076262577175,117.25275229196815,-3.173310725968376,False,CS2627
0322f6,Germany,-173.25897363261552,85.36387142869643,13998.731312539934,334.6752076175489,151.24629050166158,-7.063421157206328,True,CS1704
0c255d,United States,111.01280988302256,28.18698271113489,25339.26829858846,442.3651521375545,262.60957216935407,-10.16761380660825,False,CS6675
0411ab,Australia,107.85353786415385,78.1611973956839,31499.107281587763,419.0565043170955,287.2220044457974,-1.6651993948194583,False,CS5262
091a12,Australia,51.23065442555253,83.58671345795656,29470.32848999281,538.3033013831613,80.09771346291198,-10.28224221885938,True,CS9199
05d697,United States,111.79007980176402,-65.32444041918555,33066.49146354908,877.5634143953687,100.90232764846084,-12.424324224800285,False,CS1514
02fe60,India,-4.15323457813372,-61.784752525020465,16154.53975526649,505.99132160311217,206.46831093916688,6.8401370420339695,True,CS4484
05315d,Australia,-120.57548154333035,-22.125499389330585,39020.257992453175,700.3743105563404,60.56045938397176,-8.012799468020452,False,CS7886
080e70,Australia,19.70176560402095,-14.303045624570345,14056.90677609542,274.40466057435174,168.16276820155016,6.346811491707449,True,CS4881
0895e7,United States,61.51729921086667,75.16778324923828,34400.6298490038,519.7457998421363,316.8947404295134,11.6930235128103,True,CS1711
07e4bd,Switzerland,61.7113719751662,79.39229783267746,22089.301693687397,628.7799847374154,40.10083751839251,-12.815808751245777,True,CS7509
03e13d,Switzerland,55.06929350648005,26.033633368059157,10591.634987120337,372.90480942511834,63.16945021956484,-8.25898395280553,False,CS7078
05a3c4,Germany,-66.5820732273454,1.435118377707326,10799.673254550728,673.2510204624687,24.60827336070809,-11.211996086188005,False,CS1738
0ee165,Australia,-170.72859705720927,9.285513015236305,10176.55680702797,805.7501299824253,225.6016629853311,7.341721012428085,False,CS2891
0797b5,Germany,101.16396258014964,-10.983691043088356,10886.034461743195,627.795403982065,27.942483405678406,-0.20377405195104714,True,CS5426
06fa48,India,144.00587985777912,-63.54683926311518,22224.952143593917,555.9492759260954,92.05095737344377,-12.44157603176044,False,CS9370
0b1a3f,Germany,72.15310502792823,2.807638685767813,18927.915590322664,711.4954426301797,131.88425975125404,10.57842767363135,True,CS5849
074fb7,Australia,179.8351380967482,26.669655795703775,21017.693443548204,662.0030666589856,183.12981153141843,12.378028699231372,True,CS5768
066802,Australia,-166.60869806582116,-44.594569711756606,10406.222361308219,469.6426872615626,114.76193881776511,4.769596991361546,False,CS4580
084d1e,Switzerland,-138.05714343372438,-48.40677799822975,28721.598642416455,244.43056030960815,186.7621426667213,1.5505602124765119,True,CS8213
0d0367,France,-95.00080523315813,19.546114108078314,36922.108878026025,570.0489582369121,31.063115021669173,-13.277045156376492,True,CS7413
042504,Germany,91.59034868540226,-67.3634075649195,39230.36412253571,728.4069683578355,135.3336570317017,11.461278069146896,False,CS3291
042604,United States,-62.85522054775885,-84.78322658948014,39786.0675011584,736.7709749445077,327.608804769156,8.37782314613196,False,CS2995
05c3ef,Switzerland,-124.99972230591402,-54.645711822667685,25491.86742938978,606.7209883703434,39.908128384633336,-8.435993645264666,False,CS2802
01b94a,United States,154.90989336066525,75.61943319897853,22324.363178004343,643.0927704720564,221.16302731864118,-8.491970743633402,True,CS3743
03ea2f,Switzerland,-137.63194572486321,21.39853279264652,32042.434155056217,888.2693466713849,66.07490211128892,-8.386056960209306,False,CS6134
0d3a2e,United States,38.959474131576144,-13.178499650575375,30762.064958419247,672.9459337769274,178.57162040424262,14.887961590461895,False,CS9641
01d69f,Germany,114.74419984374998,-84.25522523886039,37525.303848757525,686.3782016984328,354.5466854213574,-9.773959957726296,True,CS5436
02831e,Australia,87.41842124216117,11.578270617261808,24692.638955630748,524.9710869745188,349.6751504812759,3.8804148759648953,True,CS5231
0e5e0b,United States,-118.67526426926928,-13.612117692289857,16850.6409804418,401.20789519919464,78.27532565184737,-13.47419606389977,True,CS5672
02bd34,Australia,-52.19929121700203,-8.286337855089414,15181.522216242221,556.4531302764913,79.09621482275826,-13.37498615262222,False,CS7140
068ff5,Switzerland,-169.08571935338696,84.68057061687747,20086.7723172731,553.5783430887702,296.4595940223882,-14.701050070659848,False,CS3081
057409,United States,62.46200266243673,-11.661015887497015,17181.555273966624,430.85225125641676,183.74317191607827,-11.784950519720597,False,CS8366
034dc3,United States,10.5121781636565,8.218333900067833,25650.259448900688,171.48443085776935,66.86526744668176,6.48827421759848,False,CS4885
04d767,Switzerland,136.1371946762569,-3.3010319608104055,14143.205972800122,152.98270657369812,192.09129473661554,0.7130132350919478,True,CS1595
04be61,France,-163.00406843472965,-51.55919290101595,20942.7812445386,542.0576007465959,344.7144117494167,-7.429745206493531,True,CS5368
0496f7,Australia,-139.92151744261741,-53.401588375282756,14771.91907033428,544.2506349648229,14.049095066424284,12.473357829071919,False,CS1449
0a8b9c,Switzerland,59.19581915907244,-77.46495315424596,22617.85167597238,712.3099025334816,126.44902361893698,13.858389604037004,False,CS6069
060ad9,Switzerland,-127.28387224448929,-59.496679571650134,32983.49824236242,573.4918437745705,241.84136112273458,-12.004631434177272,False,CS7220
0545e5,Germany,59.45454749985677,50.02780941109134,24907.69691028842,572.6927931418072,297.0136344159374,0.6748100829022778,False,CS5547
05fbc3,United States,-70.22664008913385,-86.19892757273018,23690.04203927511,268.1975535542999,209.96760263568083,2.2289825221555652,True,CS2819
040101,France,-50.8660286597362,27.186668274729215,24076.94960464873,315.7340647183205,95.01864825330541,-9.242345068159091,False,CS3827
06ebb4,India,-143.81018739110942,-47.894823215246966,14808.869224816717,247.79621007526717,108.3072775329295,-4.906444732646623,False,CS2843
0d8817,Australia,103.61346999382442,-68.95237049478393,26114.490283670835,163.2047729774773,209.76355808038352,-2.3178148199139965,False,CS5935
08de3f,Switzerland,-7.852699462183068,24.589591644399803,23999.815322872037,805.6615178071344,227.3601796455118,12.983855965887852,True,CS5471
0bd6a4,United States,157.1893247221559,78.33266226041493,18415.381026893745,470.889217270462,241.2362331096446,-2.321303191016044,True,CS5348
06cc09,France,8.104366033294923,-89.49627789357572,37051.68724848678,895.9282257139637,154.72505965460056,-6.661350114978058,True,CS7950
0e44dd,Germany,-165.30911963401502,-6.773138290394698,32332.69633026262,615.455351023051,282.7223593062674,0.2228017048499389,False,CS1002
0e4915,Germany,46.59678059281913,2.4090885888240052,19985.855707261297,740.510116620114,185.2075317563331,-11.104559861144027,True,CS8324
02594f,India,95.19435289477428,-56.96627327892632,11832.491739543086,328.196593835721,225.16102045867478,8.31505663289688,True,CS1360
02ba45,Switzerland,-82.34342627875957,84.28341387670105,17243.776702372506,869.5755124413378,62.57824840625346,-7.44138969205359,False,CS5231
047b06,Switzerland,-19.114376533681764,-68.61909324431173,36657.55509724514,504.71864883579633,280.3022349145495,14.158482937318293,False,CS6967
0a4f09,Australia,-21.229379625980755,55.04070597183053,36591.383535551446,322.4683689799291,20.876083336535743,-5.802493633741378,False,CS1076
0d8fef,Germany,-92.31587514006807,-59.24763797278649,28008.74261020083,666.8473179591545,322.3152577758967,8.720146325084414,False,CS6406
0adef5,Germany,161.97364745490393,-51.61929976347464,38752.23806020479,407.75683208327337,301.6093901856946,2.77005574250164,False,CS1654
06aa20,India,66.56035237129586,-35.29547921746208,26367.699343481072,658.6725139537522,84.84853187798132,0.44126477957939336,True,CS1682
09d171,United States,42.41350188900023,71.20494607472193,36083.867121289106,219.41882975323625,228.41883918609082,-0.8138870567556236,False,CS6949
0b48f5,United States,-60.03990192029708,-57.04984880819671,10032.45830438224,180.16333837108115,52.117071997785835,4.5594541106864455,False,CS1095
0d70c1,France,-108.31912755817685,3.1087817942067915,37557.518307946724,854.4687271412678,131.80820116113986,4.773155261696665,False,CS5792
0d1ec4,Switzerland,-81.0076191425274,-54.18451386611771,21582.390127706036,248.54136513143263,323.3632431523733,-7.705534119372821,False,CS6070
0d41ce,Switzerland,-10.223690221116897,-37.576417800534635,35017.21762254837,609.2378919792184,89.38332351246193,7.158901981221671,False,CS5121
0b17d9,France,-129.58952842280527,88.37151037850506,24140.57440149436,646.1419188515213,26.47461554771146,14.074857890819924,True,CS3117
08311f,Switzerland,-90.02996116259986,-77.77823709590008,33778.513677205854,361.724917954122,18.176040117534424,5.973770705364167,False,CS8453
0f0b1d,Australia,8.549588990592895,76.17680221929035,35111.657092863956,856.0200689173879,159.5108679473733,-2.169379081403479,False,CS3506
07b768,France,-19.37292083627665,-36.65014735723303,38390.13724065114,246.6939136081764,286.7863011295287,2.302848382086424,True,CS1050
0362ab,Australia,8.368211926110234,69.16869370149001,17257.16760604199,732.9952372839446,284.4690500978439,3.9822243005212847,True,CS1068
0d9b9e,Germany,-38.55724619553848,-53.768503425824335,39157.36143985158,676.2663096900112,118.37044829864213,0.1693128413780478,False,CS3838
0e73f1,Australia,-46.07357269946664,-75.68854477815101,24622.316136047477,651.4972459598889,193.02477609778936,-13.519750532347935,True,CS2318
08faba,India,-5.019700277076424,22.889302154332086,26351.56561341921,768.6107947381091,307.2683266794694,-3.8582628754493307,True,CS5122
0cb6e0,France,102.3440493840476,-13.96811506806651,28699.60438994717,480.36579688860786,276.4290941391598,-9.769563958029487,False,CS5977
0dfec1,Australia,123.09431107147623,56.63565446918233,11881.049483513783,320.4506154996361,300.8160407129656,1.4100283802143707,False,CS3065
01b42a,India,154.095782590272,20.86340680087386,27826.164555167918,532.9617663143438,38.83219113233652,11.578262794128165,True,CS7874
05e60a,Germany,59.67866817309829,-46.73617251367221,21355.188154962358,798.0933669483646,299.8419810627023,10.978104989764073,False,CS7049
05dd9f,United States,-6.754723229569805,-63.5396239475935,34293.87391310046,354.97163148150923,210.22559422869006,-5.309702096137382,True,CS9320
096768,Germany,8.06841214796944,32.859650853144714,26005.117048635264,776.3060822738047,290.7242982794938,12.56649566702869,True,CS4836
021a3c,France,89.37863107178362,89.04915659914897,10476.316080564033,422.3327277928496,184.53871914533403,-12.312318891891415,True,CS5536
0a16a2,Switzerland,41.76519688749562,-10.660232544746364,38712.39779995926,567.9700427071701,242.98114927051367,8.565814550565051,True,CS8765
086eb0,Australia,105.45720199246108,-54.76307552066899,39815.986997461994,527.0172795369724,115.05751851807584,-7.852606861943752,False,CS6417
02f44b,Germany,-55.7962478619137,-48.36298376823997,36982.78406765388,327.382887627889,71.31425758356141,-9.194752595002655,True,CS1857
051215,Germany,-13.20592392729236,88.20500112706526,25796.47492527048,579.5161875925774,113.86619897689384,5.135627762507358,True,CS3449
0a3aaa,United States,-159.0926611910709,-30.389660078252703,32734.645625341098,407.39549286915343,80.2155958397579,-4.106691293360097,True,CS1162
0755ff,India,63.51391675711028,-54.247619607865424,22156.88236092849,748.2658044913146,132.69190247621086,-3.167162432691912,True,CS1563
0c8506,Switzerland,45.51699150226622,42.38989303101221,33681.857533415474,246.9886104478714,247.99635292277162,6.500655557538565,True,CS9381
0d6898,Australia,-45.29232378520848,65.30654507084432,25303.011084500744,526.3073579330295,338.5934895624935,7.608825279564197,False,CS1946
093c65,Germany,112.74197111479589,-9.004483594873165,21544.671026627897,390.0649283660878,5.1386207632877,-2.7669845924125767,False,CS6508
0d5bbe,India,58.99898909162195,-84.4077302069091,10270.931415668952,171.24484749185876,291.8613901392108,-5.289904367522308,True,CS7073
0ba0dc,France,43.59612043414302,26.474628308730786,39722.747716906575,405.04534681967874,128.92080156638707,9.134799902271077,False,CS6386
0f1d57,India,66.9570364538921,-18.409256747021004,29671.84788871268,486.3443529583173,225.90169010278814,-6.431251025774058,True,CS7676
0ec237,Switzerland,85.37364631187182,-18.011861956965518,20025.952914841684,471.03674996473063,126.60175808425075,-14.046357869219989,False,CS9344
093d40,Australia,164.82005350393695,69.54912781593154,38154.49191771426,261.936592448094,200.22527853195675,0.3880193765885238,True,CS5862
045141,India,159.32089163507948,-43.00379617749608,26152.066428738133,274.3476789184264,323.83278671786087,4.803092245140132,True,CS2576
0eeca1,India,78.63464213075696,-22.50969678519604,34083.72350933732,200.38363486560058,282.7785579816398,-13.847164764126482,True,CS1703
0563e4,Australia,154.4007030337911,-69.85334366181182,19179.429978975204,404.3394667311278,45.376246557811115,-5.863500734629492,False,CS8955
099818,Switzerland,-57.59795401146425,40.0615586405855,30629.77375397059,185.64310604128568,23.107669301011875,-7.468150953558004,True,CS6367
0ee79f,Switzerland,-179.18630096591812,-88.01846624110784,30960.566642194175,385.13922446532194,237.0066082603839,-14.44783587947568,True,CS3541
0b651b,France,-88.2811136446706,-9.245599206476157,10261.639055592956,512.1226107992461,116.51533454840019,-4.814184104086069,True,CS5027
0646d8,United States,78.3029617615411,-78.60332051953903,18845.4938257705,735.60810468,74.27417102411424,12.279028114178846,False,CS9369
0d2567,Australia,-147.42008535919052,-4.22798491026785,13378.629233966263,181.2588098790569,214.5546914313234,11.29827413469691,True,CS6430
04be9c,Australia,-74.01001314678251,68.98254391520564,34381.14039867364,198.76111628749823,346.0858462951873,-14.66226693861532,False,CS8372
073659,France,135.2340396168567,-36.55167913595382,14015.033463545686,734.8794417059495,180.84857941989094,4.018850233345919,True,CS1008
0674be,Germany,-133.89134486308885,48.385944970892155,23977.63778059187,616.2867076315144,149.81549107127074,-5.861285938845281,True,CS7638
0478de,Switzerland,-177.49755304287152,-20.739937012183972,12550.308708796108,340.6129428837771,254.47002325858443,11.938480723881629,True,CS1789
082b80,Australia,-94.9829594332844,34.38643060294231,10259.695503707793,505.6385421088656,233.6729919634594,-3.4192623550402654,True,CS4610
098ac9,Germany,169.67052218709927,-38.247596001624714,18265.39612328897,544.9736127295698,13.208718328403158,-6.597497285526634,True,CS9446
034cb8,Australia,1.2507995696104501,-79.98996530733979,20872.913732554214,584.6683727054515,130.39300260995037,2.8390586808621237,True,CS3226
0c77b6,United States,-87.99138334194573,-78.69985717714717,36812.28021726702,630.8274276060515,282.14730329295776,-5.876026411746928,True,CS5484
0dcc18,France,150.13824798712528,-72.95925819089751,21832.648297145497,463.46579917569926,230.81491686195744,-5.185044963090009,True,CS6952
0be842,Switzerland,29.622976091877945,-78.39039148932108,34289.13392190446,796.0523812329919,3.345637723783752,7.996890189241373,True,CS1304
0737dd,Germany,-94.80687433224104,12.190246389975812,14971.843176535345,474.98276298009495,87.48087192030955,5.449866236210276,False,CS7515
08481b,India,73.71863062305866,-15.153171667640834,36506.06183357998,304.6318114975579,95.96345686289061,-0.26904850464197594,True,CS8551
0e9cd2,Switzerland,126.33025782551596,43.807093387373385,26084.450402555696,495.6801450209063,247.89346216026087,9.237147811194287,True,CS9087
06cfb5,Germany,-46.29099884260194,-10.894417146639157,36326.0616579767,595.8936410759079,282.5783786525325,-4.453653008390809,False,CS6831
089341,Germany,89.1999722267696,63.136222575217715,15618.046470178053,822.944349486934,18.666111352762314,-10.82393020600517,True,CS3645
0d1cf8,India,30.5204369044136,-61.31901954975731,32934.54701771973,398.7522131819135,115.5416994013889,14.914987808979678,True,CS4481
04e24a,Australia,19.720833389261088,39.33095337779932,29812.38209284611,436.87767465614087,169.92924468208045,-4.213374548232345,True,CS6892
022058,Switzerland,80.51818308344309,82.83704315166327,31289.593602280118,888.2426767945921,336.74735211910945,0.06427956363525844,True,CS1059
05f9de,Germany,-153.81413981426672,40.65501409531396,10738.706282307294,860.7975523751095,158.32719695180236,-3.1168731934510223,True,CS6164
09884e,Germany,108.14163070452929,-27.56320620352453,18177.86638402289,783.2785721685727,150.77445553846997,7.426422598567612,False,CS3415
0898cb,India,59.08762228739059,26.5365917308238,20996.358180377385,571.2859308878714,186.51387764127531,7.198207548082539,True,CS4796
0502fe,Germany,-47.589984318073874,81.29349414817975,37374.632785668364,500.98735413779633,143.19897259226502,-1.4792036452533175,False,CS8836
0d8ef0,Germany,-119.64611377048044,45.661522110060474,20669.642564597234,236.68280845985274,109.34860169362318,1.288088897078449,False,CS5785
0b7aa1,India,163.30622315269642,88.28572097169169,10307.12219368128,622.1866085743611,355.01930381155,-10.94731058484589,True,CS5952
0ddaf0,Germany,127.57335594462637,79.98145864515615,19373.51325668989,744.0858977155913,105.47526414532535,-0.6090389464647963,True,CS9763
09e2d8,India,28.374215890658064,4.233687390192117,12627.29745232884,668.1361770128372,332.0689082495995,11.265438845107884,False,CS7976
0d34df,Australia,75.24004232153342,-36.594856302574776,32110.30444379304,171.69568239316072,153.35854633680032,1.3856438233316801,False,CS4367
05ac5f,Germany,58.15311063271511,-73.55686530744009,19697.17611189449,880.3463077493237,273.5048258754686,11.015756948926462,True,CS7067
0d785f,Australia,37.949820696703256,-40.73017025075176,35649.28964040513,753.749340587828,33.601514946803064,0.07607937754345073,True,CS3854
0d0353,France,-163.32132718158627,-52.47763640419091,11743.178277365038,521.2747100468696,353.2828189883009,-8.616074625637264,True,CS4329
0730e3,India,133.03000317851064,-55.90443381219979,11639.854477516306,771.768445409882,215.7118981748093,-2.9389300881594203,True,CS2594
0a92c1,France,47.59065796080279,89.62688295692129,18383.75444103819,241.3471628973558,60.7300668021248,-3.8056781771065733,True,CS5802
0606c8,India,-135.1825366975997,19.493730060212613,22385.435005113017,722.566481250063,34.3843232260317,6.901670983499589,True,CS7805
0a929e,United States,-10.36265048914538,-28.544102265636944,20439.751667248296,594.800282794527,37.01499162083137,-9.792113532420206,False,CS8043
036615,Germany,147.7232148160188,61.755368815995524,35968.87807158452,655.1597353016863,326.3068661917,-1.8760726693530714,False,CS1844
0ec1ba,Australia,-107.43200423047062,-73.10886743519404,20418.25646114341,458.1013533547446,261.96555821497543,11.988510654794354,True,CS4496
069b0d,India,141.85637520118888,10.311518450033248,12016.709848774768,361.18184725296817,276.3071523573871,10.630807414212558,True,CS7505
0efd62,France,52.74073285263776,23.67879991145503,18650.010878547575,715.8636315832209,329.2435545072978,9.519783774890062,False,CS7618
09b88d,Germany,-1.025415036658444,-20.737582594565268,24445.833582251682,351.29223649789367,115.76401266419957,7.641586563765621,True,CS5158
0c82ce,Switzerland,104.1955462813782,-3.8187732938931305,17573.69024131243,699.475743163641,187.00174118328601,5.922944729465012,True,CS3278
076dc1,Switzerland,158.76791871140733,80.7651861519204,14388.315460837952,506.3865316159297,175.38613003658912,5.870667525501876,True,CS2632
0ee301,Switzerland,-13.833313332559271,76.78621074942313,29563.81322067077,171.99521152894707,28.914394777758137,7.145115969548552,True,CS4136
09f2d0,Australia,144.53380972750676,39.17502201301363,12992.558779691553,460.32350972114614,162.36001709309605,9.174039659464746,False,CS1807
09b43b,India,131.05691375545115,-9.25242741945091,23664.166700115922,449.4297568460552,97.44769551359491,-14.002924951320706,True,CS7032
0d134d,France,0.2806889805628714,35.124650718108086,21665.75838265172,876.713062479595,58.83493525710858,14.003250624691045,True,CS2636
062cf4,United States,-111.50760032476475,-53.74024201036313,11026.841875981818,509.85126208825426,213.937598334351,10.632821421782769,False,CS6602
0ad88f,Australia,-176.46342654921793,-56.62482335567231,17560.185015183513,817.2467274155687,302.9920679097415,-4.4568746287753775,False,CS9978
07ce46,France,-7.017321481674969,38.94933304254252,33304.63265724089,541.9345365141428,272.38891030678167,13.907853959920867,False,CS8875
0e2d05,Switzerland,-85.79741979107379,-48.20363665455134,37589.806691873026,475.77567043628267,100.59482907686075,-13.53687798802379,True,CS4616
0529ab,France,100.98928656423061,66.45820867089637,10267.490726759681,166.64894931624482,80.35574844788067,1.0364201032080906,False,CS7575
0989a8,Australia,-60.70726720115647,-79.99191452375919,29788.46124795331,817.2827847253005,120.9865531287386,4.807459907750712,True,CS7251
036c6b,India,-3.5031903372617137,49.063081664422214,23289.253955393237,213.56102133713108,11.091234818668267,13.13504299321535,True,CS7026
020a5b,France,13.580305940357562,-28.17126322774658,28837.241919410473,655.7928047007529,185.627976790627,-6.521311838067609,False,CS3593
0bef5e,Germany,141.992316712655,-48.69403222553236,23290.517166554295,552.3152410970024,54.03191880254993,7.4761560762374515,True,CS7134
038a4c,India,-52.40222915399775,-13.65472224931176,20641.513015314686,531.3828954437679,6.0059700917323156,11.986284261216085,True,CS4123
0483c7,Switzerland,144.68931692230655,82.17888270870924,24368.312973568365,844.9443324885657,38.43932592937555,3.2376255746987646,True,CS7686
01d6ba,United States,105.79291209038388,40.81877261295085,33626.79859846327,817.8065106592121,289.1576876510925,-0.6968962412452111,False,CS4718
0856db,Switzerland,171.3414112194327,45.83685833498191,23639.63316616971,823.6704449026352,44.91797562771591,13.290529559967059,False,CS5794
