icao24,origin_country,longitude,latitude,altitude,velocity,heading,vertical_rate,on_ground,callsign
0e8e11,India,51.27304936507025,-41.24942799352325,15650.360231568948,315.67064347858195,195.1327856361334,-6.954539710987236,False,CS6367
04beb3,France,52.1016068645761,53.684724721936874,34690.32953092244,275.762544922359,149.68083040789253,7.745958811629336,True,CS6692
01fa74,United States,179.58424102035428,2.3938183786105895,37444.53205368927,151.72258478909774,56.90204728172867,-2.02551757145163,True,CS1637
030315,Switzerland,132.32374673887233,63.15055007631838,29716.88480221512,314.8149758447857,139.3585796395452,-1.5042745673684124,False,CS9234
0ecd81,France,21.939471194926483,36.97333278733882,19147.68711236937,400.29220668600493,143.92142829761556,-10.679064080463935,False,CS7925
03e607,India,-90.5624265786851,-63.03775796510274,10017.816157676394,388.3608923388037,36.348662928013184,-9.867956995632113,True,CS4617
0d4e6b,Australia,17.740275788537474,20.150188150523434,39442.67782989397,258.3593309126484,276.6784493868889,5.509056023167783,False,CS2525
0a7cd9,Switzerland,-31.952873359733474,35.08882216574467,25994.486420694295,423.07941523646684,271.4510967313085,10.938443084663493,False,CS1950
0c3766,United States,-165.7752786829239,-63.4633398488176,38370.21138965797,621.6137909352184,159.6739600481682,-4.841286689230115,False,CS4838
0d9b05,Switzerland,155.57419856383422,63.99404694462527,23667.744032109982,886.1740531351123,198.0176416788971,0.7034656636876022,True,CS6307
0c35aa,Germany,80.9912824180517,22.31712230312415,16539.409947743414,787.1898403038566,211.07224720745955,-13.633362317737877,True,CS9354
0b824e,United States,-45.35780113128493,66.85065354891918,31646.44348980538,866.647525049423,159.252664816697,3.443073137469444,False,CS3685
06f6b6,Switzerland,18.249460476947178,-18.67661078309679,23073.639889758,449.90344496867016,73.38048249166185,9.666658411673744,False,CS7334
0bf80b,Australia,58.19292736790101,-84.45253077573875,32516.986779311985,781.6196112156317,187.32609829453378,-2.3371502369244297,False,CS7182
01ff2b,France,-165.4560307122862,69.9229041387363,39499.41301656208,390.46745947911364,141.251240268353,-6.196524104710205,True,CS3206
09cfc0,Germany,5.833957378002765,54.50962558845953,28677.901189578923,266.7048472013586,326.3170632442715,7.244128064739275,False,CS8310
08ae40,France,43.10396024161966,-79.18048452857612,18677.18579086387,272.47147226876,178.9242280001414,6.010470519756016,False,CS7056
0e9661,Germany,-164.4884340089267,4.628410815296903,23617.774569606507,876.1629966515708,244.60964040910375,-3.202750191523762,False,CS9879
0c57cb,United States,131.26088296130587,-85.47843093323273,33116.7305712685,228.8131048134656,351.8837437851812,-5.212133828846097,False,CS2828
0d1303,Australia,70.7106268230514,59.09490220462706,24806.11943961598,881.3395980502379,4.446765132876509,-10.452404351973591,False,CS5214
01c76f,United States,-38.82471738364788,68.58373040002263,13426.098894581122,687.0441906750341,202.27802240388465,-8.335742493343194,False,CS6082
0227f7,India,-8.550012862233814,74.49933517931737,20151.811422153263,452.92661532978445,318.95252755624864,-6.091563733081477,True,CS1585
02de84,France,-26.272615601840045,-55.391741618638825,16440.84256113746,414.37085044954114,51.93331416740599,5.9039935377234585,False,CS4261
04efd8,Germany,-137.80875092729107,-5.427140639735313,30167.06348571778,458.2461848146611,276.8636864596314,-1.05147812436973,True,CS9580
0da113,India,-16.74280375359936,2.5164974645544618,22234.25293998801,162.28082779622147,84.82065743031939,-2.436166810236932,False,CS1474
0757ab,Australia,-0.18237971959251809,73.21797637505347,12368.19156407341,615.1628004324114,75.13893793964259,-8.52383189091557,False,CS1983
037ae8,France,99.83984529355155,84.92814723920682,12032.790469535728,422.7621738247004,56.52956970701598,8.965039551574058,True,CS5257
07cd7a,Switzerland,-121.89438429956829,-44.2827314903988,19843.28208728098,570.70234706435,126.78325729667301,6.754059018225345,False,CS3002
031b2e,France,-135.4264282801778,-0.15323024994224,33869.766399206506,887.1146351548495,296.82267461053993,1.4362471420588818,True,CS2516
0d1be0,Australia,-87.78496320774263,-19.034722757888034,31845.333482319485,589.2519056933338,280.7963077401423,11.164951880264326,False,CS8965
03ff74,United States,125.45505483038727,78.4231683323838,37950.47705846421,665.4107709824077,57.04133338069534,-14.935293847120697,False,CS3708
0e9019,United States,-4.150115839835053,48.41546758098636,22000.103410323412,453.22865679597083,143.6482624810508,-12.010032104003962,True,CS1867
07d938,United States,95.78671359956445,-69.24859068026751,12818.153657559767,336.8947835375574,151.8194881506576,-4.932646040712353,True,CS6337
069d60,Switzerland,-169.30400014981154,-50.69248902725443,19164.16851667162,652.3982505458938,260.9153007297959,-9.254835877061364,False,CS4937
0862fc,Switzerland,-123.93377932045057,-50.356057494828335,36083.85959028344,704.7835940099494,102.18229009406369,13.700342912216069,False,CS6740
0b7c3e,India,37.68848466578709,-31.81901229549696,10346.318235576176,226.0495650168964,145.38872850617648,-12.448802533281734,True,CS8588
0b738c,India,-1.973223008345201,-79.95781151570051,29957.47191073694,810.3975799833679,149.9519926518751,-12.564093404614498,True,CS6131
09486e,India,-127.04501840150144,-41.47259046242422,20946.489919758256,558.2394790814637,32.934639936754664,9.824626449042405,True,CS5870
091cb9,India,160.15435378708452,21.63585094758882,22943.181319389423,303.4570107623711,9.388590356291692,14.736125420247348,False,CS6830
024255,France,89.3735593305251,-62.64660292408345,25502.664410237667,633.84139020329,279.79764661575905,-4.336534866345353,True,CS6880
06c1a4,France,134.22902929793702,34.71107446809833,14840.794457591643,497.73119625785245,104.68284787733874,7.414749146962137,True,CS1617
0647ac,United States,134.84298509192917,6.403194641873995,12900.326021811516,242.7871310778974,42.83121099133693,-5.621634545088787,False,CS9032
0e7d36,Australia,-18.70511262195052,-50.52785899332227,13932.481749473367,884.3652949654808,304.6017344749221,2.784513899808953,False,CS7202
089f08,Switzerland,-94.42341739645396,49.78447985182035,10687.176002498565,489.49926039654827,101.52586091104637,-1.9625158098797932,False,CS1288
0b9953,Switzerland,88.26210389216732,79.15275199908956,11246.912796607805,200.49164206395815,289.1356536851697,-13.18903204591186,False,CS2712
0c21e3,Switzerland,-72.68959428004831,-76.93241335974773,12571.045838188651,850.6496062267527,251.36565882158624,12.968467578050191,True,CS1021
02a1cd,Germany,-81.39850126179579,-70.09567487405121,36947.09510637019,562.0759973100099,241.50041797859345,4.39310907346168,False,CS6249
05e276,France,-171.1840142493881,-14.48237007514696,18547.508877272965,549.4420708084593,68.99685635206703,8.572789532237074,True,CS6466
02bdaf,India,-67.959790018378,7.970025681651819,21912.498360462272,861.8821000926159,359.4135712840709,-9.748449107941235,False,CS9746
09d4ac,United States,-97.71449773582714,-73.45846003740243,24654.485414586055,786.8380787288693,254.3270293318548,-10.636085112587866,True,CS4540
0d9638,France,52.94372465300677,-5.273976160787058,38990.13957152137,201.3996673203061,77.74709079525948,5.433652883067989,False,CS5961
06390d,Switzerland,-154.63152025523755,-6.252750309380772,22971.271209745584,598.5350474339893,21.711855228704756,-3.2009464347991585,False,CS2005
0c67d6,India,-42.98338885157139,-19.768545336805914,21474.323164523434,638.5604869557507,284.65985584281276,-8.732682326021159,True,CS4373
0dff5a,Germany,125.18467710732102,-70.29974393437982,22026.148702357423,184.17646749975538,15.278080019174084,1.3892919760167395,False,CS3605
0b46e9,United States,119.58176710926426,43.35829382099442,15080.364232361067,169.4428424101918,149.35306762975964,-10.985367632973322,True,CS4670
0436da,Australia,54.80283234253832,51.40064247279523,11283.875085897524,405.2295321410344,133.68925240471836,-5.802311088135493,True,CS7561
08816e,Australia,-25.406134804777082,-47.46129617261943,15062.08123565052,678.4582691004039,182.68641095446827,2.4024373721263785,False,CS4991
0ab986,Germany,37.351680653184474,53.123782269650206,13512.218507217836,334.7224305009332,11.652647388516073,-5.959099829322952,True,CS9778
039d52,France,46.66027430969868,-10.877449750929088,17420.784987820756,761.0355960276303,310.71782033894726,11.70830284923866,True,CS3133
04ef1b,France,152.61880049458165,19.173118857328546,18045.982444073918,767.2518112206515,289.5686145484761,11.808046921026435,True,CS2803
03d6be,Switzerland,28.07057875120509,46.530308089257574,15495.2903026095,558.4508506086298,185.14981834220617,6.42490553702789,False,CS8515
07aecf,Switzerland,60.956539389591796,88.2787695242954,29090.37880839771,481.9700480345079,265.6837591743922,1.655745292541834,False,CS9684
056267,Switzerland,151.4216931574926,-27.009645099683574,29754.250333706066,602.1749023560512,284.9989225346915,-2.6603022618904504,True,CS3937
080417,Australia,-177.6058081287358,-2.942685352878584,31797.876619590388,300.6923475870114,208.70890867334285,3.3673638830409267,False,CS6694
0a45f5,United States,-27.1731196506135,10.465432142648751,26458.07083402647,317.5304905484385,83.86318015024084,10.101981727354673,False,CS6768
0ba848,India,164.92107118994267,-6.668864808371296,19384.437164734267,230.51714717231857,74.74510160734381,-8.026841727682816,False,CS2005
07186c,India,23.704158853955562,-81.4299057397246,10771.21087295419,622.9899594267779,63.287300290521436,2.8314221778291575,True,CS6519
0b24a6,Australia,108.29218252040857,33.39354752488008,10290.207359523922,254.62982910103528,219.11107429595955,-11.710154020008094,False,CS9039
0ce8b8,India,-133.0088334684906,9.804498873967518,15160.791783716675,480.7469936200288,302.9034663841588,4.2370247713444265,False,CS9758
0e5c65,Switzerland,80.85998017827876,46.39566798976813,28574.803732670094,627.8469021153651,337.95316809875544,-11.120788825411232,False,CS6256
0ccd0a,United States,-140.69292979855425,-72.91821553435645,10413.220049485879,839.4079378748892,325.99105572746345,2.986371081747137,True,CS1863
0d0aec,France,-44.110723912720744,25.063156284878445,15852.465905262376,866.0905064194266,276.5214605608994,12.236534438557545,True,CS5437
092aca,Switzerland,90.56314426162629,63.47914394482598,20315.132085337165,679.1365543690212,136.4163288737043,-13.95454028322636,True,CS3830
027c06,France,-93.26769022453435,46.96908236612103,26037.626305929472,680.6619699004344,7.237275001548738,-7.297696267785359,False,CS4368
041775,United States,17.784960715305914,-5.036778501254204,33774.706371453154,678.6742176979993,173.50337870625174,-9.126594877479953,True,CS6210
0efedc,United States,139.35251624581326,1.024410407258216,38150.15963611246,416.7577624359553,90.6862405975396,-13.88996583420512,True,CS8184
0b562d,Switzerland,170.2893293384575,39.76665829388753,18380.133322928035,565.0297027875482,294.21539435516917,2.193232414717915,False,CS2363
0ecaff,Germany,-44.981982255291626,-59.08840463050907,19915.160907675097,499.2666574976313,229.73045861021396,-9.382639973319066,True,CS8658
0360f9,France,102.87079026036469,23.414880751534554,30669.3797907134,525.9897929331606,178.55127399119704,10.441320671999343,True,CS4896
05f8d5,India,-80.88780175113314,42.838168103290684,23998.746352569062,606.7009049607939,132.51084041147834,9.149525709181194,False,CS1073
01d1a0,Australia,119.87916771351149,-67.49628007120718,32331.7257066755,762.0459498697688,291.02190337714626,12.967041737416967,False,CS6778
0786d0,Germany,38.626009198091424,-0.5367925301875687,24679.169314198858,566.062028694278,276.2798286859863,-1.0521902813133703,True,CS2218
021aef,Germany,-20.169533586913843,14.98887439374198,38484.85643022875,652.1835398755657,338.9715851804054,-3.386439597119683,True,CS1205
09e509,France,162.39697467726734,85.5697592532602,23263.339971898684,198.2585005469535,258.732055362385,-6.653716086385758,True,CS9646
08aaf2,Australia,-11.531720089143647,57.447129629010846,29562.51813696395,499.6924987252279,154.7658828002821,1.8032933631570423,False,CS6879
099efb,Switzerland,83.21161077205244,-24.547596829226777,16559.364894269802,555.8745684225638,219.00926859651892,-0.959001286333228,True,CS9186
0c4aa6,France,9.721578428604147,71.34212401274226,16796.738164599832,208.6953868337494,285.4195467770974,9.265907033493217,True,CS2489
021519,France,132.9994284825226,-59.047754525146104,12281.090386084645,254.9168855932953,80.86327002117793,-0.9128224295738754,True,CS2608
03cb69,Australia,112.02364043357602,53.239464975097974,19844.02207374004,342.5295421247694,50.931118477874335,-5.964105329691256,True,CS8507
0d685e,India,-137.576716723792,-77.458644280783,10879.585762341752,573.3158676769922,299.6454072522257,-1.5723291918469542,False,CS4609
0c2016,Australia,-93.49528804852595,15.573212665417998,23419.1473377605,716.1817989447875,195.26291471254655,5.111485564352655,True,CS6199
06e7d4,India,-32.00162160084696,4.2762915642227455,29791.25270775954,278.87750505177655,326.14589293221695,0.45822439267625015,False,CS1230
02a914,Germany,-114.99960659923511,-17.994057128058216,32692.32572181504,866.5331416904564,320.17503823355753,2.928544828168313,False,CS8874
02fe2f,United States,111.99008274990956,-21.777185049549658,36351.00064240423,600.500619958415,28.814198405797974,-7.155703943795283,False,CS2355
02b2e7,Switzerland,-79.80825190267701,-68.24206688015848,14179.641559278809,869.909088914896,207.29859248928076,-14.27727635456793,False,CS5598
054f1f,United States,137.3423194245268,-11.302263003074245,24465.998611042287,895.1399836725644,164.1628806574692,-1.7579236115608783,False,CS5474
0ba774,United States,90.5882097475627,-3.547853388591605,14650.548376735635,819.489615705658,49.36406449059229,-3.1433783004011744,True,CS5067
053bc7,France,2.024780195775662,-21.810051341959777,27229.63068788388,225.93134225829164,300.53492796891896,-10.251214330018048,True,CS6286
0e0079,India,15.344493707677657,-52.64693204927062,36163.322213499305,417.5923609008498,36.2835225866239,-7.658588256633967,True,CS1943
09c7e8,France,20.778088848922692,-18.003870690482202,22434.662736229002,694.6576708131519,109.0853631286058,2.1029466031258686,True,CS5142
0296d9,Australia,-160.83900758054222,4.44421734429848,32610.804866166614,642.6280786527172,157.5807511528697,-8.542979371197818,True,CS6533
0191f6,France,3.292099258493778,-56.04718010704323,13596.426012146194,878.7160457003037,227.95234749288107,1.546661674399246,False,CS3151
022b61,Switzerland,79.46676169886479,-43.75002993238663,11711.017445533384,762.199054556428,268.8759214512428,-1.6404231498671553,False,CS3048
032312,Germany,70.80951067264394,-46.04186709371803,32828.98755927847,369.8020952068117,79.08610259440209,7.3548484171769175,False,CS2471
06b84d,India,93.35303933724481,-35.440348555589814,20349.830468127235,568.8697725036367,184.63014665069096,4.380123429995713,True,CS7121
09c150,France,23.3325780596941,-81.99249606377282,32187.608159836484,614.1442061353406,24.61141267179768,-6.365499911998283,False,CS2088
02244f,Switzerland,2.5592447643765013,33.475300954089306,13294.803865804472,172.652067122296,25.668963292097555,-13.535943785563425,True,CS7903
0bb063,Switzerland,165.61882809654668,86.66801462076262,27779.86250848926,244.97274353280667,227.78408503923103,2.656959848443826,True,CS3339
0e92fb,Switzerland,-5.838769594238016,51.246737607502126,21525.90814023279,221.66088993318837,239.66431855254584,-3.3275769884983006,True,CS5585
0a39da,Australia,106.88976822272343,-81.35772869865521,15397.319808411197,815.7489385323182,48.505086662271324,-3.583010135868699,False,CS5609
0b2aa2,Germany,131.80765546666544,-29.480342721265153,10295.60027150817,250.17084442042474,286.47018108829684,14.358970634989252,True,CS4441
0ecadd,United States,-44.773047155503946,-1.3725552785323316,20670.12137144086,277.26583916062754,179.52558446638022,11.221519790399359,True,CS2391
06cd71,France,69.55360953669094,-0.8287143809993296,26306.760627105217,774.8151972378303,62.02177439367554,9.140127968397845,True,CS8645
0752b7,Australia,140.73118408116602,-57.816089546706415,23851.799171054336,871.6254465756114,282.3140850147052,2.054997845074851,False,CS5325
0dcead,Germany,-140.50546530438822,-5.779591677726685,15315.871378372605,256.6621588186893,1.6211481417724558,14.708853516583606,False,CS4335
0203ab,Australia,-78.81075224997203,-25.946111109793193,15889.210840429814,300.75619055393577,320.84612671415954,10.237105488906916,True,CS9645
0a6f39,France,57.58466797709414,-66.14737948544061,34403.25881521038,502.73031417402115,277.0516084265708,-10.150009717560737,True,CS8864
02ba4f,United States,157.24153353019994,-85.55964660498951,16925.199386232096,188.71461051746184,68.96313669371695,12.534526878777378,False,CS5795
055af2,United States,-114.23484419321674,-22.35783029495343,33364.655187610246,373.52968355394285,231.7855710079987,13.10160963393226,True,CS1411
089a75,United States,129.68859487771567,-75.31264005616885,29760.813587818546,283.39522499391313,270.28582557135417,-5.711686806309736,True,CS2937
09b76f,Germany,61.71362635274636,-70.37900622908003,28742.06943993115,425.3611002492647,168.3056367915411,6.109258414243712,False,CS3199
0cf9f5,France,2.1916156549175696,7.267789539548403,27436.82244430288,226.59486510539497,15.295663618881091,-14.46643396317026,True,CS8898
0d89f1,United States,66.6544727726833,-11.810472471206126,16358.940646289528,838.2911742617763,84.82292010683052,-5.566513476479505,False,CS6643
01a534,India,-17.61491863545419,-34.942142212978666,25903.138954599264,645.9968939848426,352.32118511427865,4.7708656868122645,True,CS9843
075c50,Switzerland,-24.408152162581672,-72.24159214148922,20121.289802331074,347.0502255235816,196.99594707247115,13.508628572148638,True,CS5279
05f7b8,Switzerland,-116.7450381550828,-63.54755002874474,14744.942032911495,645.7863561337219,18.84211059045551,-14.480661467946767,True,CS8294
06a5d7,India,2.1389646906209236,-80.6148862487551,25347.351007152385,649.347191542344,255.08617027963862,-1.1383934972749987,True,CS4495
07518c,Germany,-2.937119229978549,-20.464182501715698,26605.151173517785,195.6376867803175,244.57258970249822,-3.9075853564093563,True,CS3641
02ae96,Germany,14.572369817974675,81.28104058040472,18974.5865125881,681.4941030636905,351.7460279036711,6.728928748423677,False,CS3366
08bf66,Switzerland,12.508245000074197,-51.17192529528241,20951.52973134908,352.7688575230586,50.23683645268908,-8.467994943744689,False,CS4131
06cffe,Switzerland,32.881212614822374,-29.68410234089336,30495.622237175507,801.7576458747017,198.02522563472348,-8.483764385340262,False,CS4791
03e8e4,Germany,52.07111364165118,-73.41147884314833,12741.619377053712,523.2593448480749,317.89158366149405,7.048335795924093,False,CS3126
07c5d6,Switzerland,-176.50724672232556,65.96275151672427,11435.171846897862,380.4357371749168,110.1485433513213,11.703680667950358,False,CS7290
039227,Germany,123.87059249191952,-16.484207275478894,32702.011381713655,719.0541495119363,48.74547197701711,-7.944183450428795,False,CS7903
05792f,Australia,73.28547730845554,-11.16355809000811,15258.394914639794,293.50117245695606,271.41883764845585,-6.149154417146272,True,CS6636
0bedd3,Australia,-94.13581417876824,-45.573982876451225,36718.46612649475,637.3014265749734,240.515025169382,6.2376904419639345,False,CS7141
0b05f6,United States,134.063769257851,85.91147039208826,34139.03977637003,589.385532262513,163.6236539334565,14.592217287581473,False,CS6059
03526c,United States,-2.4868468304688918,-2.026643618132127,18292.14035066634,756.694251654624,135.7895234749005,3.5313506915787656,True,CS2420
0c98e9,France,-99.86509484738067,81.88036764604638,35176.05260740029,230.9225358652473,9.93080314591056,8.219694510420375,False,CS1799
06daec,India,102.60500579231189,11.145587928079976,35317.3422879424,141.94387821789238,166.52131374989452,2.7587218133026497,False,CS1843
0a8205,Germany,-153.3848469475261,-9.689264666193623,27065.87581474042,782.840156015397,232.49043912744528,-13.39192263258463,True,CS6773
0ebb0e,United States,-124.83564957192137,4.170442034465751,14934.669842264542,721.9395863238115,87.5544131891718,10.136714715546507,True,CS9969
02c67c,France,24.42262175727734,70.80646257798844,30936.265681985085,453.6783900909898,298.53298366402953,10.319612495364929,False,CS9015
0c75cb,France,78.06889783466846,86.80506268648733,23692.570424113823,764.5127707216901,26.180012555818344,-10.39469530669066,False,CS9759
0e0905,United States,17.675097717081314,-35.296279457379356,14745.14483931036,348.7643111731622,195.24607744918364,14.02296880927803,False,CS9539
073619,India,-105.03448408072947,45.54358647311068,20718.26017018234,659.4867920826114,12.071437317994627,2.202745281085548,False,CS5686
0867f0,United States,175.64745487646837,-14.183517617758866,35594.85529274769,739.1384034183545,108.27986155052052,-6.025849949180683,True,CS9402
0c955b,France,-62.84749385515762,76.30910242450224,28275.300026810386,258.7729692646878,213.3242819661258,-0.038449953066137965,True,CS1949
0f13aa,Australia,12.17161975758853,-62.636085131063986,26616.77299218902,620.7169711906265,285.54882839207073,-8.310597251299289,True,CS2263
0619b4,India,44.05535039891106,39.29056128137958,19012.275390738443,246.49734148646914,21.07140108281788,-14.379161111821755,False,CS1899
0db9e8,Germany,-150.49886704393262,-46.59503309442294,26768.83143811815,516.6164558285458,128.66857906445105,14.800049335957137,True,CS3299
0a0bfb,India,-28.5454335149891,7.503873819988641,34676.673435798,857.9881999571085,16.007422298386523,-5.094680925083463,False,CS8063
046a21,United States,-148.21923242174248,51.2425792011943,33765.62779652893,345.77381063204547,297.9187758452618,13.467423150876698,True,CS7993
0a3803,Switzerland,-168.77907882749892,-70.20134339243074,32158.737147100688,752.6672003478388,81.99715263627981,13.79135632132401,True,CS5048
05004c,Germany,-52.06680883978808,-24.96371967772319,38160.91069969141,734.9605366295622,298.49078052108285,-0.6323644111336932,True,CS2781
07589a,Switzerland,163.28698517034962,-81.33463075020563,22419.586924002557,479.09558448282445,232.79594161168615,14.406885679644581,False,CS1036
0c665a,Australia,-122.72739511778626,82.27508356145412,12075.249190764804,541.0425434555873,149.97952876791598,-14.982945451154677,True,CS9364
0d0143,India,-94.49777203743898,-63.5708962671406,27829.97121959148,281.6312775227935,191.30354694633115,11.251400802136601,True,CS4894
0cd6a8,Australia,-9.719830627061924,79.97707415530033,24195.95247418302,719.499494466385,178.42168817805208,5.163161918831502,False,CS2157
06202c,Australia,99.19088333957023,-69.04090449120865,28423.12207578488,541.8502125878043,45.15551595861594,-12.765637694073186,False,CS1510
089c74,France,-3.1110710891294957,34.6903788821423,34110.354437636575,220.23985574189538,345.2729075901738,-11.112730103213176,False,CS7093
0992e7,India,-34.02816803398338,-86.3706022595698,39906.9996556697,456.4983354814573,266.0516412787721,-3.7044494105914563,False,CS9060
08391d,Switzerland,-125.99317312269457,-63.75392970187602,25612.221881722457,224.27964504715777,125.41047075703862,-14.369893860418186,False,CS9615
0f0e36,France,-171.40468650827455,-78.94118604835016,31715.83460939267,311.82434007672776,133.59313484446378,5.931040504986981,True,CS5459
03a07b,Australia,-128.94327935356102,-3.7116550125743117,36412.15298838909,647.1550568529221,317.2027993117688,-1.6359939881099734,False,CS5832
078f38,Australia,107.79536040721365,74.05537945443808,21582.376247376433,771.6870853479406,250.63523608328083,-11.623103961469745,True,CS3762
0c2f89,Australia,-145.2909142623675,45.49236889149529,32829.096314073686,799.3440312514407,125.63904315155223,12.43620512244826,True,CS2693
04933c,France,-19.04984127448182,-69.70984264121921,18851.95254151122,227.27094103389987,194.96500944969966,5.844497892966796,False,CS7604
078509,France,13.27618650915744,24.77043729922302,21238.103741934417,700.2627080872528,44.66133874043498,2.9498272464525748,True,CS7227
08feb1,India,-101.20179031983274,85.06260285286479,18742.418319375025,829.1011358548701,341.56171426875426,2.4499158567173964,False,CS2913
087283,India,14.22983489909592,-50.06532857830935,38773.270778778264,588.5534842679549,269.0410308544965,-2.6263941269136364,False,CS3313
0960fb,India,75.76225702795173,31.03137081846485,24365.10497460448,165.31835099299164,152.1794763249491,-6.456091432466046,True,CS8298
0efad1,Switzerland,-47.95116805768379,-2.812684756159129,23790.70601697212,315.44411505107934,212.4866784483864,11.684543697542765,True,CS8568
04cd3c,Germany,163.79208061675615,-69.07430968154435,13547.009715347971,320.629561202293,117.11784325867852,-8.720428346468557,False,CS8914
031f60,Switzerland,60.46314524532963,30.214503117460723,23558.50872562386,426.3219338694338,81.6640205305648,-4.225661860160386,True,CS4375
0ecd0b,France,115.33144129209336,-66.90000320248075,16113.03242812317,562.0830513907558,246.93846939057087,-11.38592361745823,True,CS5867
022cac,Germany,142.7834433233818,87.47571799049837,16996.166432868908,134.56175351791194,165.51821629610424,-7.495540641815154,True,CS4959
0cb1fb,France,8.383617855948955,-14.028752266694298,25639.883917415536,632.439608662692,342.7235614794157,-1.5028738902116388,False,CS7704
065a08,Germany,-142.6833680962328,65.53739827666936,20590.755467437462,231.94438886395744,222.05043970644425,2.4836731399963696,True,CS3016
07645d,India,-119.98271440104098,-11.18395406654237,24688.504531633364,334.3667155898965,81.76182163256301,-4.105792253945571,True,CS7206
06dd36,Australia,-120.89553276443917,12.009264247095018,20413.965328910002,301.77651034431545,344.3935755825813,9.635089535832847,False,CS3008
0e70e4,Australia,-136.55274698804388,-36.3636636571045,31137.37630401693,521.056594487741,191.45504748527262,-5.243687287398821,False,CS4144
0754c1,India,-127.56876795105813,-32.29783763543826,20211.766635643322,317.61490394861073,22.80920558130424,-7.141026226354688,True,CS7041
086d7b,Switzerland,-82.32326860472041,-26.246149856672055,13828.071462017662,780.0039734026939,77.70858848877732,2.33569282786452,True,CS6196
07664c,France,-98.46421904204723,87.6916419665053,23357.598350284523,415.9887748048858,177.71561819516884,8.875903296018606,True,CS8506
05e218,United States,-60.34999288686389,59.75606860064556,39714.961846903876,627.7713198592662,315.93080243961657,13.50645537440483,False,CS5416
0f32b2,Germany,-143.87803803253277,-58.57703155117714,22053.846277584784,337.8332344484505,212.48508769772303,13.056160713241493,True,CS6757
0c2fec,United States,-38.592315940833174,-24.405684412967872,31621.91618954218,820.71153051162,167.4684677367111,0.8338891107351536,False,CS4162
0cb3b7,United States,131.52739314195287,-12.301461209764227,29148.878826307024,325.77696689290053,93.29214894856608,-12.971168566153889,True,CS5045
0a266b,India,-110.50153857334885,-28.626092238884397,10399.844577193933,723.6358570914366,219.81240532929297,-12.367477106564149,False,CS5461
080460,Germany,130.88507264394946,53.58154073673691,32605.831605593223,250.93005277641626,250.7325998817961,-4.275905162338132,True,CS8125
09baa2,India,-84.8420801952238,-22.475122308970285,27980.261608849993,296.3697402902821,231.99465427190793,6.813358833798446,True,CS9034
0a1fb3,Australia,40.62419863867973,-89.18091912148392,12259.92841818208,822.1139483916793,209.2152922260897,-14.774580977300744,False,CS2613
04789f,Germany,20.310020922631082,-79.24571040327247,25339.35129820263,669.7492820865273,129.2528702928509,-11.015132409029423,True,CS8999
044cd2,India,-138.8830692881974,55.99689521058954,33068.689274635304,635.644839680424,109.7254155002074,-13.49119141755466,False,CS9989
0573bb,Germany,-133.31901601337842,16.60824104430486,33460.69678475369,848.6709438132303,79.71634622796375,1.0076812753949653,True,CS2036
0673af,France,-27.62793590779023,18.044010572937324,25166.03980608592,314.74050971579265,75.1662323704966,-5.9216787486030835,True,CS3486
03d017,United States,1.7376194800372673,-75.23972411056383,14551.25856525593,637.689347680953,310.6583459579005,-1.1119301824247039,True,CS7581
06d748,India,-120.59510284221042,5.0577790259156785,18772.44876264486,853.5596099401479,220.9575439051845,-8.543366000905865,True,CS3252
02cb94,Switzerland,175.02053511516846,69.63972022469943,34246.85470918312,419.95623312960936,56.64142109542591,10.82503440431875,True,CS4547
076035,Switzerland,156.60675056920678,-35.960960926175844,30261.892011059612,357.58530928795193,295.0424009334725,-13.703633591929892,True,CS6224
043232,Switzerland,105.95305856026937,-1.1376038930177685,26557.55304161488,248.98276383935496,338.8983947951159,4.580200092347585,True,CS8139
07cfa2,Germany,-174.56512535873952,43.17775127981602,22107.861126047304,606.4312275003824,85.61792587691293,4.4661499061974865,False,CS7150
04ee5f,India,-46.369527860296046,-72.30725868801586,30123.8524677921,741.2904651661036,159.4964474946084,-9.348551984366948,True,CS1807
039d01,United States,-53.42820577265677,14.914662626701215,25344.76912786604,314.9377690508827,138.11247848435437,0.26441640404109634,True,CS1842
03a75d,Germany,-94.07933362784817,0.1816843610826453,16639.498228944307,822.0331529861187,335.1067985435232,-3.8399030485240857,False,CS3365
021c82,United States,-95.83054409784225,-88.80672156443971,19935.986978347097,337.24678000115654,331.4997518678206,-13.485044311429427,False,CS2999
089695,France,15.344999287826937,-48.176626300784015,24032.54387352325,340.7611711092981,333.42646903650893,10.930836641431274,False,CS8886
0c60d1,Australia,-176.15120069922065,-57.477124008332986,28887.539156670744,777.9612051070729,44.770215175105484,-5.7437147637806465,True,CS4796
08836b,Australia,150.9236210136208,73.4085659203528,11355.9748879246,181.9288577915987,277.2710553748927,0.3257607666329534,False,CS6422
06f1ab,United States,158.19816551374026,-28.828738446495542,14140.712481040166,831.9786302457026,11.07837447995744,-9.016193906080575,True,CS7225
03dddc,India,47.75808274344956,28.675066407915267,35745.39372922567,568.9759434748096,130.11847067567496,-8.634082881577672,True,CS4544
0bd837,Australia,-68.2895473483411,64.69122364589086,34333.56997199816,424.9410182785626,11.089146811449476,3.7261315550059066,True,CS1981
0e48a0,India,128.51455031951673,-23.52161247630727,18181.623795580334,695.4597936570203,263.01420988049824,-3.8676902509478097,True,CS8822
0a4443,Switzerland,-68.29390933312231,-48.70760362299202,35845.438087591145,771.1517752418173,314.03414001445867,-0.5360937330457194,True,CS1238
079d42,Switzerland,-65.09130945658684,-29.832899470934727,25336.79089272191,247.16479881903243,166.86930925870178,8.77176314409627,False,CS4430
032a9d,France,32.33822076649159,-70.46562522929861,33083.24596771261,153.87368973247996,39.438971693687726,-10.189926316061,False,CS9970
01f251,France,-179.32880949797172,88.9965677651081,38823.41751303359,497.37510388741555,205.0188784070468,-6.0893020347998235,False,CS2410
0f004a,Germany,95.90353666712463,-46.9189456737027,10654.815973805344,206.22506261539743,186.9290803228268,14.348523995820898,False,CS6913
0894da,Germany,-60.78417678363694,40.47405979801886,13660.892005948926,272.657574337963,311.78341807033576,10.986071348123762,False,CS6785
0a6ea2,Switzerland,162.8340274272561,37.224609374047816,11530.239081760154,835.1283308184131,61.99002770401623,-13.784861846415172,False,CS3697
03e7c0,United States,20.03978176099767,-15.442704013424063,35410.78270467679,491.67378529617014,231.64435066320357,7.202046911658012,False,CS4793
04267f,France,-39.28878970187867,74.95377387516999,21083.228004203247,652.8758916960783,213.8687710549475,-1.1844845350233175,True,CS5120
027139,Germany,-156.78333530208133,-22.177501502099616,10306.864593980561,475.68335140306397,285.62835488371843,-3.672078234119791,True,CS3840
05268d,India,32.680720376937074,-32.97692166123104,12254.364248903483,334.6914298005754,348.17234469342816,3.9896884538275614,False,CS3933
03df37,France,-171.14679117963425,-48.064519387274096,38090.49200546794,201.38198267277616,234.6251218804942,-6.707083142571689,False,CS8653
0da3fb,France,-160.47550054109416,-15.06749377809895,27637.50996401955,805.1247035512735,69.466673049582,1.538670179678011,False,CS5633
0d58b9,India,-178.17608661435636,-62.770168055427064,35003.532595064265,331.3820624830374,104.73156882086009,2.220026777087071,True,CS5751
0a2329,Switzerland,-99.34380055490993,49.88681880936517,29072.458317306515,560.1135800592122,119.73895115901358,14.880645925617372,False,CS9176
0dc1fd,Germany,177.16792931401642,69.55480680196777,39705.924828336545,508.59525060759916,113.36258842653204,-5.4615925512243315,False,CS4189
0ad002,India,-144.88462196681894,-42.67376780212106,33271.54758269423,642.9219732268118,184.67969768160938,2.5220902467313593,False,CS5311
01cfe9,Germany,-109.38784781088637,43.979344941319226,27236.515874689692,241.64508775191774,4.384710866793647,-10.665449558799882,False,CS8486
0ea9a3,Australia,-151.99678383413942,-89.80655995045467,39154.23772510799,140.49838966873995,47.17088998497925,-8.247347390221593,True,CS9260
06fd5a,France,-110.61098850731369,-41.57748362099123,22189.153465123178,401.5216481978899,82.96424232084459,-5.272036152519117,True,CS3454
0b957e,France,-16.15900370616268,89.81059374904532,33531.480343540185,602.9113988334096,254.7618300037783,5.31872282717482,False,CS9566
0bd490,Australia,17.113915531810534,41.66186835357149,10451.058888409825,676.2772021204858,96.20345898425046,2.3933388696247633,False,CS9457
06b018,United States,13.23754504230348,-17.47366810125952,14934.941723657128,168.37407245434176,10.567768536566483,-5.389879472278173,False,CS5172
0e02cf,United States,138.4464718559579,7.636390035016603,32508.923746626442,158.94346077992043,116.01052750551085,-4.256480502565667,False,CS3020
04448b,Switzerland,-21.834575762944525,-6.285466285979581,36262.31534474127,344.15116040772915,294.6525397655163,0.1520679909645022,False,CS3155
06332c,Australia,-81.24031106442023,70.5600169221645,23265.285413757512,457.1208304475401,209.6685075753819,8.534836844473855,True,CS2571
0d505d,Switzerland,-64.70404996993042,68.4113240686049,34076.72574154583,607.1106301964483,134.8361366315789,-2.349797132937276,True,CS9437
0741cd,India,88.00514834565047,84.9771195617773,20523.124795336105,221.61781062169112,63.981412031627826,-10.798697212229644,True,CS2892
09e82e,Switzerland,-64.73950519973454,32.333790153009176,30843.993384491932,877.4446435606684,167.35947608975002,13.607625536847369,True,CS6304
02feb2,United States,132.24856487744051,39.73164191586605,13591.673173284666,573.533559551902,28.83915182328743,-9.89273276681505,False,CS9151
0bf422,France,-50.28816339005215,-74.71517533770073,33018.38992298078,396.86474390595976,57.86410916696122,9.20481070664373,False,CS5540
04bacd,United States,93.35962066475133,78.03537790534659,38156.38053711722,504.4657937500048,346.29436681233267,11.254405659546709,True,CS7363
0f0112,Australia,-34.37871987711455,-70.93756059366297,32995.231317802325,814.0744860361943,344.8087324663744,-10.026779873560887,False,CS4603
0b903a,India,23.6708384233404,11.585656221776134,13953.903037426253,250.27650087337895,278.0327455472282,8.732200698207624,False,CS5578
08830f,France,-69.5172912820549,20.763991239186424,20368.61894541096,798.9412698052652,27.52542877125008,-11.384506139109236,True,CS7352
0e8d4d,India,-20.081595569094247,12.735978557779617,35007.70013467113,469.7942204743792,95.14334591359794,-0.06905648660218411,False,CS3518
089d6a,Australia,-46.77014548958661,-28.60201975673897,36825.60734276986,244.39744864054666,210.93685710186372,14.982005411648696,False,CS2861
067353,Australia,-111.38461720314436,-53.12488378117956,36374.02440060014,298.45027789301514,53.53451906557242,12.187629126306202,True,CS2179
0aad54,India,-13.403956195768046,-37.24030883914036,28081.842286382605,879.345739858665,294.7655444109511,-4.074100955514719,False,CS8541
01915a,United States,-149.6927245141013,-55.0970335860529,22827.693531046465,570.5141242700605,57.906253138438196,9.387274543745498,True,CS2730
0a9823,India,142.78777145756783,64.24646183147698,17269.761879108748,606.3015227690834,239.4051314396564,8.392807878774274,False,CS8703
04bb82,Australia,-158.61595296748072,46.88427049545683,30802.910772988147,613.4061907017322,223.40529489439723,-6.242608800457749,False,CS1968
0a3172,India,72.60371960868483,-60.131889786503685,38461.276411558465,528.4407901491826,202.7858583972879,-8.570421890332481,True,CS6300
060a03,France,26.041957264615263,-52.159356748568285,32386.425569822826,549.8071993736678,28.52408756806346,9.106017714841986,True,CS7048
0d0ad0,Germany,112.44759741991186,31.545327282753306,32289.021879792243,283.22968791307255,329.125280697184,-1.1642833628286802,False,CS9596
025132,India,102.62561339046056,57.532505169244985,31435.442025260032,519.6011839234402,340.61981758988776,8.23164746731549,True,CS8625
0e3625,Germany,-176.01096864828534,-10.733731336839895,28342.072375431013,851.1275634465438,4.504030863485191,1.5389558467719908,False,CS7256
0c2320,Germany,-94.93833539780063,80.02233281938175,26163.95214727493,739.2965996203532,212.39927208842428,7.327177260028407,False,CS9723
0ebebf,India,7.141973952495391,53.31789795525066,38563.82423064504,235.42827953131095,165.19585993815429,-8.47605569280107,True,CS9324
0d99ab,United States,-89.71025049072702,-18.3640808994046,33988.13231673665,708.0689454656651,270.97444597026157,-11.282262569655584,False,CS6948
0a68e3,Germany,-112.19991776455655,-26.48859440994525,29213.040634580328,495.937403295012,264.76252741756815,-2.6824631966237114,False,CS5759
051fa2,France,-95.04195639757438,54.556445412040034,27351.327901366145,459.5387867820386,125.6060326071516,-1.300427428169744,False,CS5701
0691a4,Australia,127.11299781644504,38.95013868753534,34315.805666568,307.8038359091486,229.94919174618937,9.824971906257364,True,CS8376
085e7c,Germany,91.6378498757569,76.46574187298233,27064.549476434542,392.1022096193233,195.2747620160272,-3.8507639384068924,True,CS8610
05f416,India,128.909565543435,78.66238334687728,17606.39108146741,558.4257524109034,11.897640164420233,-13.485347096252983,True,CS2218
08491d,Switzerland,60.931823996186864,74.73248588723663,25530.622650714966,657.3267767761121,91.73676023924786,-13.230842264381222,False,CS5847
0d5196,France,-103.87889177145887,-34.270986766372964,21498.45173569657,624.570820173573,96.69081821691692,1.4994670271191488,False,CS8363
05e477,France,101.97995157987447,-1.3819277229449796,10181.44384825612,335.76948835119333,36.12091445875274,10.464854483932651,False,CS7168
0cc34f,Germany,50.01475919441464,-61.04942084810803,10956.639257513063,610.866867883339,1.4540620241747968,11.611513625505836,True,CS1199
0979ed,India,-69.65382620528166,-25.177132134573398,33580.868226158746,540.2889229249827,329.10193438163066,-0.840799648865092,False,CS9881
06aab8,Switzerland,-118.67170479407619,43.4601181497666,14050.605768810025,744.0427155796295,68.79836713471296,-6.96416553245775,False,CS8083
02854b,Germany,-110.99636337901538,4.548621251225001,38465.22199071653,141.87494350945988,349.99460637430053,-4.516836228137198,True,CS8509
05de95,United States,-102.35091281780848,21.703650882037522,13663.643519008341,235.24075756089303,280.73688596013676,-11.128641566488941,False,CS5415
03ad1a,United States,-40.695515949143015,65.62626224331319,13504.90559489052,141.4455767470797,49.54847122727178,6.969202391293628,True,CS8589
0ec4cb,Australia,-169.13829844616245,-63.70488534726539,18493.072803731,377.83350532876455,319.25695927719096,-12.662327203557476,True,CS1527
0ad505,Australia,-22.09520116660471,-48.78799429276327,26949.728113941237,354.167751305613,104.34798444054466,12.713937828895634,False,CS2092
0af6aa,Australia,-158.44272304668095,-46.225551808058036,14458.593527178899,284.67567374080227,317.11780569586494,11.823788218961496,False,CS6537
06c6c9,Germany,2.0471420747049365,-31.336983364161036,21298.881181580902,686.098741342788,43.63009261160903,8.935270797173537,False,CS3411
039b7a,France,52.32732150709893,-25.417463447316905,12153.823707234693,868.562590905575,148.82678522463985,3.2986756114744473,True,CS1842
018895,Switzerland,-147.31187197152187,64.00051730855216,23298.237131595462,288.3917480821188,257.25652008380774,-13.242879711409458,True,CS1505
0c8a0f,France,63.3666608157674,-25.298201801327906,30577.23528710867,311.79060833875866,294.6131318552373,3.4909990249394838,True,CS7519
065b26,France,159.59547840835245,24.288735122597657,12455.25808525332,661.175108918812,181.66438395466994,-3.1651833128172004,False,CS7159
0541cd,Australia,-124.89549630763321,20.061785570983574,11009.575280748486,551.9286854662664,311.52552154402485,3.7881641775994375,False,CS8446
06ab96,Switzerland,48.104156311725234,-22.848971551370255,26632.168778822484,708.6632678873259,9.322580366823745,5.140036926966122,True,CS9488
0a607a,Australia,-161.55640697555492,-62.51527937737267,38698.016118852334,697.9558482915312,193.78493301588392,2.4494353827006563,True,CS6126
0ef9b6,France,-172.1173069112357,-81.56113508281518,22958.897226413916,897.5813363898666,21.715020023543097,13.777947129636537,False,CS8099
050481,Germany,-171.37462671959207,64.33736458590266,16893.98162845968,706.546566847264,99.4408472097326,12.849412640930787,False,CS8276
0695e6,France,99.2745728123221,3.5384722628930945,17955.71462442878,283.4951500573047,87.53019282589693,-13.808628624743651,False,CS7179
0706e1,Germany,-125.88074765953988,-25.169475626206506,37019.71081083967,591.9827601828271,302.387232306208,-10.47425825888297,True,CS9427
0439e8,India,-12.91716625254395,39.561715223147615,26593.8894145714,777.2052298581451,210.98504839265038,-3.484908054702853,False,CS4458
096992,India,122.1967812077001,-81.51308675308799,32433.342117634187,202.50319436665686,145.585326936784,-4.825709704628874,True,CS9963
0a5e06,United States,-84.6718453275774,-76.96736663968234,30258.071765794546,456.8498540679137,256.79927025641183,14.474169049274064,True,CS9784
0d80a9,United States,138.46057064758077,-28.93765499182848,35841.61551377058,305.3664662769564,75.98375749398868,4.109008612639251,True,CS3772
02f50b,France,135.83507670312974,-52.16266324338817,34576.22204682185,772.9524160215261,128.73900208874497,12.071598802242317,False,CS3004
0c6de1,Switzerland,-151.5535750855626,-34.919469775641176,38436.3741342529,739.6294787197414,220.48791322651718,6.782175471049886,True,CS8951
0beb63,India,136.4862229611394,-30.49526356899515,21441.22367239119,527.1387992218807,162.1559421598158,7.895898216039328,True,CS6487
05dc2f,France,-174.66781800353434,-85.33814993491481,22435.94544197133,397.9407627872167,191.71940360008784,3.066508731099976,True,CS7801
030185,Australia,74.40424804515584,-44.13935088097445,11400.973696380266,501.78694247520247,123.22048776941617,12.193038950761188,True,CS7544
0999cf,United States,-48.034438429135605,-6.268127098658113,37844.87560131458,642.5022768316994,309.07332372992994,4.901889743549084,False,CS9375
09dc9c,France,-4.077595655212406,-76.10235010921161,37915.70394326403,735.5303438482953,24.879273649235586,13.95326695868776,False,CS1368
075398,India,-4.268106809634759,77.47442022438125,27736.98188903484,811.9137520638038,86.62134079652076,11.841285111418632,True,CS6991
0a46b3,Switzerland,-106.04792958683109,56.23072803955216,27229.72176773668,782.9410640081619,102.79952041354598,-3.1184637126073884,False,CS8672
0d7fd0,Germany,16.25579632454756,-9.766765333873181,22692.97898996683,231.45596111455703,251.57450118759823,9.195880495959091,False,CS3016
032fea,France,-9.997239941176474,27.67044228888777,10273.172420495182,503.4978044102709,187.05443655360037,12.044372219123517,True,CS1421
051c16,France,144.45329557222453,16.57858299216761,25701.31566101651,864.2415753293944,5.7011846425282995,14.244020631982355,False,CS5277
081e9e,India,-73.10659642170066,9.070456673389472,18170.79715435591,212.53115874926198,86.06413814694045,-4.003891629023606,True,CS4392
06f9ad,Switzerland,92.50844202917989,-81.48118947151924,19120.431682210532,610.3347415539727,259.36110620165346,9.626627298674833,True,CS9767
03a74f,India,153.5258165936009,83.56319617240791,26912.372823084548,864.4696921386545,119.82251747529699,-11.906637125137532,False,CS3162
0394ea,India,123.40677922944371,-75.76805595350297,32603.324056667112,886.6856320839523,265.3276268635168,1.508264847979671,True,CS1909
04ac89,Germany,117.92161427643248,69.97701671828702,17434.126096585,305.5768260111137,131.19539955417656,-5.672381100328472,False,CS6209
0ae387,United States,-111.53687981071572,50.66580967370038,32317.380660888248,835.3541170012224,358.61353540382817,2.9817466693673467,False,CS8168
07fd8a,Switzerland,-109.81985755362045,80.17482399547163,19610.20431758846,877.8801845416527,158.34824558196513,6.222474318819671,True,CS7180
0e4dde,United States,172.56319493176653,-0.15372912258509075,36076.68983858468,296.49003835163234,70.45596082011016,9.916940135784344,False,CS6144
0ac827,France,51.380524860776944,-43.10244387815429,38425.5852137975,532.9980487819007,179.59153415421676,14.679439192850953,False,CS1696
03ab8f,France,-51.51808346995216,-44.699477224402,35122.298704516754,487.648106649834,114.1828098358661,7.419430451363596,True,CS9391
0b559d,India,-148.3437218114511,-84.21027341571317,23678.836554562724,794.5674985138232,124.74677804203064,11.014374328162415,True,CS4951
02af27,United States,-116.9543492519648,-81.59440262621776,31898.265704157886,436.2610600588994,246.8196475658033,7.0298497683612275,False,CS7669
01c945,France,100.92337992887451,62.0355716284659,22399.88394997998,792.1182514032887,316.3490681184741,2.4314858220406315,False,CS6657
01ef7f,Germany,41.22386805328088,-36.69760669748981,26920.691197816177,316.3444852755417,276.70366794732115,4.6695342335610945,False,CS4812
0b47ed,United States,-143.65934707670493,31.469209926413342,30344.939159677484,621.867746948192,33.024809555931974,-11.114355934642465,False,CS3700
0d2256,India,-71.81798042543254,35.178637875154664,10932.51025202456,688.5070602082881,200.60868421755166,-14.825451804896495,False,CS4659
04f557,France,-98.35623115919893,52.651568519585965,33798.74366316762,506.03124657223617,161.74580211865575,7.032946902565104,False,CS6875
06cc81,Australia,78.07866669082068,61.6151970674654,11735.632452890573,172.1412293208631,108.57470693670203,7.872557219992132,True,CS1524
0c4650,India,7.876705312390811,-41.88511647144295,23874.63151020333,802.1823401350459,256.04834382431557,-12.881875310217028,False,CS1782
036a5e,India,168.96224242364406,14.689436153450927,33952.27541824751,266.05928540536434,76.2739715134748,-1.3069170795513045,True,CS5610
0e9381,France,53.26890722667065,58.46442075597673,18884.30494878104,756.589570693858,92.39121551860157,-11.020525656697705,True,CS8778
0723b5,France,-38.3742791190534,32.507881188921544,37544.606057097735,279.88165418443816,298.82926108935516,-4.2344896897571545,False,CS1662
022a7d,Switzerland,-93.83022579152855,28.86108556944353,21306.83392792332,801.3233879102224,306.8472783064283,8.301828957137499,True,CS9530
0b0caa,United States,142.8408550826016,1.5613072864573354,15871.214094952069,694.1801144094968,272.2090904168147,-7.986961000501216,True,CS6312
0924bc,France,-69.61943633891924,71.51129543289943,25237.999975938157,259.7285282091757,305.3505503312814,-2.8833074041833306,True,CS2188
028f7e,India,-150.59547006692884,-37.7163984244677,36829.01288064582,800.877036831715,293.35369594753934,-3.569955573977399,True,CS4483
0e15e5,United States,-7.764247021527808,-11.294309888580003,35184.967978373956,311.04384443854553,83.18196600533382,2.539751478805183,True,CS2116
0727a2,Germany,-53.20928731697363,-29.237740152242708,27527.51647102112,521.140506743691,76.25361178664141,-0.8116631537824546,False,CS7237
0d4920,India,127.36135291918237,-60.73719493993333,11544.332452129493,713.4363302254734,206.5280763457203,-0.572340765932589,True,CS7330
020736,France,-68.95767564858207,-20.350414438917184,23035.296793464135,734.2016442049548,285.918223878179,7.796833915080505,False,CS9952
04bf53,Germany,53.213551785772154,-27.50359458123151,29125.628959495654,262.05781223551446,125.61766127210403,-1.2917509172185806,True,CS2784
0c9385,Australia,24.01507162377453,-82.40501880295955,24581.91759344258,689.5393252218679,73.63306357118512,14.650987749265987,True,CS6333
0b94ea,Switzerland,122.65382104853359,70.64533417490267,18304.443343250103,536.9053311527033,70.49886362696041,-9.248755269959368,False,CS4145
0dd761,India,-8.310018969112235,73.57396211157825,26078.419720449634,833.9103417162863,182.17100756698215,11.870876686791707,True,CS4918
0be220,France,73.85128318664886,-82.1088629856245,29205.0895612417,329.18083065262755,160.0710047671227,8.254950289783089,False,CS4123
0ae016,India,-58.57978273124681,-57.55966985101206,18673.185065229423,375.545994768797,234.52627693204172,14.671493622347814,False,CS3165
0db4e8,Switzerland,128.91850145368392,11.06861898696043,30999.64978901136,759.9446506804261,49.67487243572667,-3.4989354090453464,False,CS3532
0d0dbc,France,-0.7362469232776903,22.18083271353207,26996.04266564884,796.1229415110788,276.20959376228046,-9.467131524302125,True,CS1315
09f715,Germany,72.99929570355405,46.61178992349409,16259.935639397947,182.51310890836191,246.8250720196908,13.569449086495304,True,CS8524
05bdd9,Germany,166.58715079153063,-31.06934187673854,29229.671455879266,249.3729576465127,87.33952679088608,-10.738652020209734,False,CS1690
0eacfb,France,137.22693264546763,-13.219230290212991,32748.79743356633,818.490820625576,59.394582225445845,5.461041169767583,True,CS7973
0be87b,United States,81.368783796537,38.033851681413864,14807.580027982787,559.7601478554616,341.55420540825344,-3.367323146895732,True,CS6370
0d8b2c,Australia,-131.78260368199648,-87.1007204164098,38947.05578344621,356.0762336968804,312.6825687028444,-10.935560536646776,False,CS9708
05c359,Germany,-60.84556208109028,-31.120265263143786,24048.704118239242,326.31841292072096,348.2088223896691,5.694575563765607,True,CS8026
0c6f95,Australia,-39.19907986659581,55.39746312582935,28882.62160248563,795.1920051079306,212.63644376100365,-7.6613925477731195,True,CS6384
0f0395,India,53.528224739341965,-1.254929270113081,32038.71437410543,215.59887466676952,203.351771168468,-4.27232787788417,True,CS3292
0bc65d,United States,-57.820042013034666,24.728989045131996,22315.04463010837,508.2971990927426,284.4661943134265,9.117507194499652,False,CS1464
046e4d,United States,67.00890620978367,64.5618071859692,11578.7899568136,688.699703304717,134.63674995187444,2.7004447299554144,False,CS5741
0dab11,Switzerland,62.58803978914327,0.9163767221003809,27937.568485222364,515.4185109658396,303.71365377698135,14.892709427527222,False,CS9188
0836e1,United States,47.4458428834665,-49.74988744686651,33635.75767993813,543.6025684347985,33.23871379272734,-9.317639912979168,True,CS3329
06b77e,Australia,51.11927055424732,23.55353790572609,10531.038932066009,171.8773885839048,24.340598954443145,5.576592947261297,False,CS9363
0c2236,Germany,129.6362722105178,-47.207891270672135,19963.35463376905,484.68221285440995,99.144798042493,-11.118708151401897,False,CS5417
06ff1a,Germany,123.58506078953559,-36.97752675325133,15622.538877434756,705.3588236826706,220.6383144710402,-1.0840667640310304,False,CS4579
0a8468,Australia,-103.7864638910048,-67.80031500705363,14203.036843307334,603.5924618979427,38.66854303947874,-6.249246357270234,True,CS3955
038f33,India,79.35487081124944,21.929910487672288,19774.50393477626,531.547038874025,99.58386632229343,-5.785863211904472,False,CS7400
0ebbab,Germany,159.82057399218365,-27.274429541225885,21867.082047903983,481.2288328641528,79.38495360758694,-4.33315007067878,False,CS5472
0d1fad,Switzerland,-62.92259634467926,66.61533921959918,16868.97491599005,747.7949424617158,285.95142109961057,0.23792426880334716,True,CS9613
0c4978,Australia,-167.4122380318282,-74.94648468723214,27881.456452244896,659.522058601194,227.77855243529382,-10.37779020248386,False,CS3546
07fb26,France,-10.688891932230945,17.29077855412781,25326.128640914834,293.92768313544855,173.6341458713395,-5.724760259188763,False,CS4176
0ab898,France,33.60852651786411,-54.49588697878697,26559.32518182297,711.782419450042,298.0076746436754,-5.045100276004963,True,CS1830
04e34b,United States,-93.71657307408387,-58.245230087834265,38049.88523668521,857.7608883068161,211.0026338646495,-5.755436544937062,True,CS2347
0a1a28,United States,177.47790110824985,80.30629518591209,12623.259976653177,285.3881313636742,243.3240308550094,10.474657013719785,True,CS2620
0b0ac9,India,150.79190258479179,-54.022036509999474,38122.53580208285,694.0217329109112,148.91554536060758,6.090886609804713,False,CS4267
034a75,Australia,-60.72148352053917,-60.51595096830806,12994.69440751846,897.7445090632506,17.352474460948038,3.792322691415894,True,CS4987
0a40e1,Germany,-158.6564171270654,-29.22285427193053,23528.150457992644,182.1700053023799,15.699881136035529,-10.545326392944157,True,CS2561
0d8974,Germany,147.01293371415937,-87.14281371886973,14964.944862840774,849.6553315079741,17.541215054101325,0.9943155973754809,False,CS1111
0f117a,United States,169.90111387014292,81.94388808262792,17656.977185147138,740.7051340562741,40.11162174389636,6.5503988993935565,True,CS9721
0d933b,Switzerland,-42.83881329995336,60.97246537080824,34920.55948646205,667.8698174300689,179.7843515616943,1.5618674631976077,False,CS4668
02587e,United States,111.3305429728772,1.578489748905838,17134.110053417095,739.1811093698078,315.2210604894602,-12.148216977203719,False,CS2742
0926f0,Germany,-91.20996180814961,-12.096872027470482,30276.748928989095,533.6983915284106,263.7675541479284,5.918159374179805,True,CS2559
0a53dd,United States,-8.799868870147918,51.98806076279823,27297.54949277442,658.6486308593034,196.61661607098645,3.0375247003025336,False,CS4542
05416f,Switzerland,-59.72689756494651,28.681711435972517,18284.183180731496,311.81950152854904,9.328129876104239,-6.731016467330431,True,CS5398
038328,Australia,104.20089171751835,-81.65056674464344,13271.913759843494,874.0997529539878,249.96962818013947,-1.6212700724737594,False,CS9388
032c7d,United States,3.175315958241839,-68.30430791983542,22960.507884199505,437.85360770966,351.10189426960153,-10.5069226280275,True,CS3855
058d49,United States,105.49663420750261,42.02031418117019,31962.911177215017,534.3654191067285,42.24161382985043,-1.0936215228534625,True,CS3932
0dc289,United States,-31.09159195565735,-37.47789629118613,21872.73741836694,589.733657271621,275.7940027256788,2.0683018543519083,False,CS6398
08d305,France,-167.72354182652614,-79.03701185872804,20035.64891017825,441.46209907901886,128.53476593293175,-12.8089045955832,False,CS8658
046390,United States,-49.89949389448526,38.72183090238781,18674.399092687952,862.8012824767119,176.3488751057496,-8.53032801162989,False,CS8069
0937ed,Switzerland,151.9068764352699,75.47143627030937,28264.726122875,793.1916477525228,265.0263397317353,0.7962006542820017,False,CS3363
0b5531,United States,108.66295353037384,56.314787862586996,31498.12969177449,903.8289599083647,312.55616089875343,11.301833660752862,False,CS5328
0bc35c,United States,-24.75155998694828,-65.60010920868021,21223.565878358033,629.1714291696125,300.92530205881394,-3.4676821689263253,True,CS3397
01a54f,Switzerland,172.18838525137988,-63.13831803754484,39631.5982155728,585.8593763736685,62.768555401038526,-9.607347464003837,True,CS7254
07bba4,India,-79.90979757210503,-84.19733588461233,28866.399118168763,327.97500436017185,242.94931420147088,0.986611958858548,True,CS4559
06df71,France,-24.593763192705808,73.22122703677522,30517.484747346396,606.2344974702269,130.83309458896446,1.583718101196233,False,CS4737
08f95f,United States,-0.21805358292292,72.02196281168438,12494.335852452854,287.31853424058227,138.211177853644,10.757535374252559,True,CS3397
09f2c4,Australia,-51.6281841720693,-30.94478686834932,11284.601446674307,257.3633411174758,334.1849121037766,14.506118671330707,False,CS3338
08733b,Australia,127.8748180417117,42.22617439358166,28439.45109552457,496.2284321149185,179.43425020514462,-0.228660895079015,False,CS2018
049315,India,-118.31270257576415,39.62432503648728,18622.336321979055,846.3969576435594,50.823923395269034,-1.6042843803578748,True,CS3513
0b851e,Switzerland,84.20318270352578,39.5122097890291,22060.205835419943,708.3114543263066,260.41195489097,-14.151297077007861,True,CS5092
0ac283,United States,-13.738917250656414,-37.12605227581475,22177.796929267453,342.7636216603408,40.72822337190548,13.769187109991666,False,CS9247
05a4e7,United States,-101.91053446950738,51.971343475421605,22181.969346794736,665.8395178707293,337.7460353353425,13.152695775194612,True,CS8681
0c2510,France,-144.22550433015053,-81.48806486310173,11736.642013694911,772.0369528323671,61.83623264219953,-1.225062694594385,True,CS2026
02b8c6,United States,-93.28117188642356,30.17804527298135,25013.561607486317,674.8024717317201,72.12626174170103,-1.2221267215900031,False,CS5921
0d991b,United States,-89.87360325415165,-86.79369941573152,20709.67656926478,452.7914301263551,148.21329190731706,12.242247625536187,True,CS6980
0e3b61,India,59.7748491493991,-24.17826924756524,37622.633118064085,830.0270403991275,149.15617825014627,1.0093885440054358,True,CS2464
0276b2,Australia,161.15011203366265,10.95573640243775,10077.584848324777,914.0645842450152,356.4047546395469,-6.613535767936224,True,CS7561
04838f,Germany,141.79656118431149,-41.27233686509164,36692.13615571883,447.5724122461015,87.5506707438442,13.182959192862146,False,CS2376
0f1789,Germany,158.7333511885609,-17.058772110744897,18914.697462390362,882.748823728848,120.93513643882845,-8.999891081240722,True,CS4990
01f371,India,-87.84708472821549,1.0502848443125856,39033.705662353634,404.4742860548864,66.35396607475926,10.50373213581923,False,CS3586
0e4961,Australia,-99.98164068922966,65.6782057396704,29723.202107616155,261.4940457255628,201.45060350481793,11.88316368208315,True,CS1397
05ec34,France,-112.59518910780992,14.079090501230283,25274.190217112206,526.1787688655851,186.4358947122503,5.2960809527587,False,CS9465
069663,India,33.33686490886578,81.25501766560294,34430.26129901603,615.2680958165148,240.07934149228404,-0.2607431867701919,False,CS2185
0701e9,France,-69.29050302244767,21.407753896615915,39295.72982841037,575.1434943434404,129.5685416195058,-1.009264998497212,False,CS2260
0d1302,Australia,-1.9656686013154854,-13.155705202108095,18528.52617638536,510.8205663188197,243.58122816924657,5.555339529285931,True,CS4613
0713a1,United States,159.9151676956929,49.76802858243519,18212.65790311841,588.16220491206,309.6024150897058,-13.716074274141786,False,CS3654
0eaf4f,Germany,-116.85657253457775,47.91581630828961,27628.634403224372,328.5158330648245,74.27026799793923,13.052276077484024,False,CS4324
05d6d9,Switzerland,-60.52139183946407,63.04322774923247,13538.099752120064,463.47432826741726,262.65964747485043,-3.9009838060325173,False,CS9382
0370ac,Australia,172.10775446646647,-27.781776247704457,10369.797851236004,383.8260457222436,172.46882699619525,9.923903231488271,False,CS5891
0dcdbb,France,116.23586761485137,32.488745084056816,38479.23942750872,568.642941735194,241.71902416852592,14.982442938305898,True,CS9696
01acb0,Germany,-47.95553947516049,79.38808600264764,22013.822818917386,205.87016552640083,356.6620802155252,13.662828205757368,False,CS7272
024a12,India,73.16175884349576,30.995235400106566,38470.357103824135,776.3108469363524,261.6419300719482,11.166771994114605,False,CS7836
023228,Germany,-135.14850447795627,24.71126051065447,11752.46126500252,641.6232246274858,2.2884424751316033,1.313211248029937,False,CS6228
05d7f5,India,-73.89973267659863,37.64294866452312,37122.713181306004,780.2548843160148,114.50280034091904,-12.979553271804024,True,CS3626
0c0e4b,France,-22.234073841536826,7.478370898681973,31190.862553526127,635.5070481122316,170.02913474465274,-6.488758550098366,True,CS1488
0d74a9,United States,170.03775746127036,-57.31150766724946,34975.78837570465,805.0769437512479,36.67717335101541,-10.05012287812637,True,CS6603
0572d0,India,-79.62060961393308,-26.721583829956515,23177.02776528952,873.1275176055697,32.108188825543444,12.84828791948631,True,CS3057
0e5958,Switzerland,25.47806476128875,46.84774452238349,12990.196873822604,429.0575747415056,286.25476061114665,12.817102115366374,False,CS5388
082fc1,Germany,126.56807274790327,28.791634361723624,35755.930971607304,901.1653428953757,331.5235149898568,-6.197653161540623,False,CS7579
0749d6,India,37.50074242845395,82.89465271596248,33040.054586232196,259.4651415923175,110.09786689943132,13.04239496711494,False,CS3290
0550c7,Switzerland,106.5883882834313,8.005587903317618,26580.12033743869,722.2580380919718,118.62417581948529,-10.932449844903855,False,CS1039
0b83bf,Germany,-165.2333710795913,-11.120158935946833,29929.54787582594,866.6980552257596,14.241976028947455,-2.6773401298065718,False,CS2620
073058,France,139.89711745582184,40.13433255483952,32523.30841901613,279.88947921597594,67.25087760299616,-0.9653911519402776,False,CS7260
092754,Switzerland,-8.694522330589535,-47.030508744400116,17524.423520927332,829.6326632934619,313.1633702502453,-4.626655773064501,True,CS4997
0dd56b,Australia,141.45743191572632,-13.359581683599714,32580.72630637615,451.8004600662663,42.557001335702985,5.136859802389026,False,CS2393
0407fb,Australia,126.11431581464177,47.341258518602615,29152.278703707754,682.7756216084823,121.7668235215705,14.435961210326436,False,CS1712
0e772e,Germany,76.38849055092385,-10.90063552122102,35321.2282361646,217.38959419931845,166.36000116909514,-14.374396174888014,True,CS3098
0dc96f,France,47.82923862638245,36.782369892977144,28442.178231196936,745.9664961620502,298.89705217005877,3.1337182146342535,True,CS5389
08de78,Germany,-155.56572204004794,55.82337144246472,24641.35285916579,470.71573844483686,97.11911492093046,-11.065125773827138,False,CS3340
0bfe61,France,-14.523118956504817,42.69087055203369,12265.889537640387,590.4753122398383,227.67676074117685,6.9365406225158175,True,CS2707
0ea88e,United States,136.61829174685727,-23.644023222102746,29951.445334462594,485.3306422845955,80.40108407617936,14.962617341965288,True,CS8332
05d1ad,Germany,-77.31576008772211,87.87957196750597,17099.194884444958,437.96455801110477,49.90238405421788,-10.184676703835558,True,CS3515
04255f,Germany,-117.45151524441019,-45.590251492938904,28120.04014900424,644.9371876249866,13.080903837357154,-4.323391710016942,True,CS2697
077a3a,Switzerland,85.16493185275385,25.054231827076478,36769.60294293529,214.57346560291518,203.06021074268392,10.025386269364983,False,CS8159
053a04,Germany,70.87389103584766,35.64125566312768,31959.716350126822,795.6250423887602,116.45665622363582,-5.183066642449894,False,CS2366
075bbe,Australia,-127.66868915529372,-30.292486877245288,39188.60392203213,727.90510987579,263.2023186462562,-14.431787436737139,False,CS3014
0c05e0,France,-97.35570949087547,-82.58267706205521,14293.972758066731,643.303471844324,210.40182758448236,3.7414036591608166,True,CS3148
045965,Australia,153.7463691114172,-31.503437731802073,28722.313232600372,865.215713880518,41.20920668647131,-14.157937427227923,True,CS4688
0e49f4,Switzerland,-4.214678820875548,39.178615157093475,12063.076261176619,813.8023613815143,225.35508467028328,-5.691531763079176,True,CS4419
0d9617,Australia,-10.618077100359386,65.53104079356049,39179.221635889175,809.9522827679295,112.98612942249959,-8.357360306576574,False,CS7740
09ab5a,United States,-130.65940739758835,-88.32496903191748,30226.687005432257,683.3439023716976,52.779899366832254,-13.700448723316876,True,CS3873
073256,India,70.18189716940842,-32.037880649306565,23290.062063687976,792.9290288336482,43.27840592598039,-2.606663901544792,True,CS6194
027e88,India,-141.1595895550596,83.42474040085332,38528.75665245959,365.9662800893116,155.10567291291642,2.918410565027216,True,CS5470
053d9e,United States,-53.41165969024162,-22.067892623176377,15935.861873034024,269.87878687797513,266.3487232334343,-1.2880584174795189,False,CS5438
074abe,India,168.78096480871073,0.04461203021664062,31389.485539288842,694.6772977713144,36.496063821811205,-11.362013319971663,False,CS7525
03faf2,India,79.75759688937853,-73.72170980447576,26581.77247934648,203.12468727658378,75.40348739087919,-10.408678857484496,True,CS5544
084ac0,United States,64.4177369154126,4.981707357990601,17464.249303479148,516.2029280766925,44.51766770733246,-12.65011395746043,False,CS4572
08fca2,Germany,167.46556264502988,-7.2420162735633795,32232.3423817539,678.3788142124257,180.19691980554455,7.524417761874837,False,CS2690
07b84a,Germany,121.13334582570036,45.82668823766082,32891.10654272091,168.87706106947738,237.59529574449118,-1.6007486149150623,True,CS7811
076b3f,United States,122.82279202380164,-35.242676781558735,16823.42384341312,461.15866797429453,302.08639703739556,2.064732010530541,False,CS4232
03d65f,Australia,137.99944672482502,-37.46035139920022,11544.516917545565,837.7737517459581,271.7547719407747,9.323756235913645,False,CS1465
01acb1,Germany,179.5117150882043,-47.308319474101204,23287.833300462928,498.25884841797534,217.1771215399985,-14.265641810652372,False,CS3511
099e2c,Australia,-179.0002412051381,-81.32757920967465,11102.401828630775,550.0427514481507,290.0367849753329,5.407534884046786,True,CS4435
0d87dd,Switzerland,122.53050079797083,18.064531268370857,10393.280247405648,563.6784729517555,156.81769420871223,-9.52818203484615,False,CS7039
0ad3e6,Australia,85.81472765273122,88.32865418573576,36008.0317299748,269.02373505766377,203.8121631011201,4.164424033717086,False,CS3240
03f53f,France,-2.160521028820682,44.06314768602098,21143.37481094712,411.1336486394622,233.71881026048965,-10.26663496460262,False,CS6019
036a25,United States,-44.057718109092036,-40.12254890802233,11745.139743634041,437.7119866577767,138.73044551245607,10.80920960203073,True,CS9013
02491e,United States,-21.354788909679883,33.886869794560894,14306.16728110085,280.50689786222205,328.2329630833505,11.052918125307915,False,CS8660
02f655,United States,94.56444934279932,-55.426857560834364,27940.67315067648,791.1420087272195,9.128477445222513,2.6935174504476755,False,CS1071
06a056,Germany,105.83781220778064,-30.112531247867523,38469.31211564214,469.6877437163189,281.9642075110006,-7.38093064710858,False,CS1691
05b47b,France,148.43447985058782,-1.4995064192135743,21747.134965836547,420.48484291390633,80.22941670336964,-6.28839358343523,True,CS1564
07d6a0,Germany,102.24367857937426,-88.66744035021811,20363.10780681038,843.6828427097253,149.74336055055926,7.380631310303592,True,CS5484
0dc57e,United States,122.129369005787,-27.217964732045836,34137.97936549392,266.461923035206,83.68414912255055,-6.347951961460307,True,CS4697
0e7657,India,169.58891825205887,24.38324748287222,22161.457479004745,662.1346537534423,235.8127715512273,-14.175550103984499,False,CS9335
0e9e14,Germany,94.92178276852411,78.39410521848151,36743.40190136248,435.4320328923108,285.15300031355014,-6.315846069845389,False,CS6128
0b7e66,France,148.06486123635938,-53.386658845932615,24207.25828847367,676.3010922321923,182.57175050617977,-1.9200924941722803,False,CS5881
0b72ec,Switzerland,170.5431452846616,86.44957678270075,27701.668712142735,475.3591461835109,52.12406243199342,7.855338714746058,False,CS8443
07e4be,United States,-137.53250653923163,45.33745968583355,29815.641803307502,529.1586624772999,138.43209780325964,7.178426914159694,True,CS4742
0b4e83,France,62.85920188530599,32.859111988389856,17666.264639369987,168.03697068348163,182.16400429801527,-10.287151887915897,False,CS4305
0d8d48,France,-96.64915639797492,-54.73153156774954,38818.17175777153,183.19506147408876,331.99611446397853,3.484144279566049,False,CS5915
058a80,United States,78.72007072857292,-57.041610810159796,35897.551315121294,799.0145783885561,117.6920898171119,-10.379545121898584,False,CS9643
05b336,India,-72.61679025951824,37.603520156737304,15257.807651704892,692.6405025183237,320.4985461066523,-1.9198570004041464,True,CS5173
0d30d7,United States,26.615709990545128,-17.46287781185002,21418.801695436086,543.7535699230842,166.14926907578806,4.1034815504267,False,CS8443
0d3acf,United States,49.906040894057895,-58.74234377542255,17868.71844278877,531.5349890596804,166.88736675161812,7.489309872818801,True,CS4706
0376ab,France,-123.71025888832152,-32.88231081248602,23046.463930507423,323.176754424833,3.3472391134163217,-2.75777782186454,True,CS9375
068027,Germany,100.32737047475001,39.39452515305342,20319.011634535407,725.9365192409609,25.840310495086953,14.39973411748727,False,CS8203
0cdab7,Germany,100.21567104595448,-76.9586020518267,36011.52902121207,612.6046272433776,313.5213682056452,2.0953501241652113,False,CS4697
073b9a,India,-27.304965002975734,-35.97117532257586,39920.13201424009,597.9983374893444,302.31182356316606,0.4219762843688972,False,CS5440
0ea6be,India,-148.98202760588586,-59.917748218632056,33857.64270543096,257.9044096305296,30.036564306839608,10.385998235940466,False,CS1452
0a320f,India,120.01897969809824,35.7137520059285,17880.914430157743,518.8203285189953,99.88464082623616,-0.7251048416457611,True,CS8480
02cebe,United States,43.49413315909868,58.55179869540797,29209.19186222633,448.90665207411286,131.06845447893556,9.829707417971864,False,CS9126
0583b7,Australia,38.68483823844929,-59.95950037844668,11640.46594213041,630.7061393102302,345.0783102540127,3.10772750143812,False,CS8296
0899ca,Switzerland,161.45376154513474,43.623240558653606,21825.66494269245,447.40751917931226,82.93212169638666,4.558818783097333,False,CS7625
038aba,Germany,71.456712125329,69.12663480226385,14125.962531211966,274.30792324492893,343.58351386625804,-4.647273648614499,False,CS7871
01e004,Switzerland,-22.731639844674476,-63.2642546726419,11235.497426931186,771.8286128374291,85.14917331902544,13.651973865997078,False,CS5180
0f30f6,Germany,71.18468928060048,22.697798216485822,38114.83460231152,659.3843543957701,205.86043996268072,9.049334418817885,False,CS9521
0da5ca,France,143.0531840209486,37.61277426455142,35436.14481433319,662.8155894216603,80.81283151918029,-7.216584191747098,False,CS9099
0381ad,France,74.27757623007957,71.57395718235253,11418.934507896349,206.14644139641044,140.02013952024313,9.742668099413983,False,CS6077
02004b,United States,-87.05967388391882,80.88459278896426,12919.10028241827,505.4775071020583,30.83079441531126,4.722424249209258,False,CS7404
0d2691,France,-87.69899410440226,63.669851075450964,16919.77315924414,550.1266785763311,166.06689233088818,6.070462683327744,True,CS3214
0b9a75,Switzerland,-16.157287963230715,30.353319597829056,32311.5803181096,635.3292755399024,57.51620639817247,8.779302103173872,False,CS2294
076092,United States,32.068038001692,-52.26983963042996,25613.702123139854,339.9614322279165,11.41350692673955,3.7884121909582795,True,CS3711
049edc,Australia,165.73712789191626,59.3475248877983,19372.047997529706,609.5175460743,124.44937644757087,-8.805317758966183,True,CS5995
0b2097,India,66.11656263814103,32.05203387187569,17594.851953205733,181.98113730452957,264.03595853089195,-14.870212050679706,False,CS6293
0b391b,India,150.36016346273703,33.8299107746933,18772.24174365283,387.02363718959737,45.976860706813476,-9.711201616403612,True,CS3108
0aaadb,Australia,42.34706985531642,82.18333936698673,37269.62910276549,391.8118202218954,132.9235576921374,-0.2360166735081055,True,CS2938
0dabe1,India,158.0148995350175,8.640399286674565,17253.73480669369,210.5656013534485,70.024846946341,-9.64366187618653,True,CS9423
0c41d0,Switzerland,-120.00048046042642,40.81031936262889,15688.285379590716,460.2287376054078,324.3390289620386,3.610930001890079,False,CS5794
044b0d,Switzerland,-152.25247688042515,-62.78109148627657,23159.020450998352,351.21507164772174,320.05571407278774,-5.123704527123525,False,CS8054
0bf341,India,32.87336800163715,-33.90870990137728,30453.555579687833,835.3431175308787,202.6164378897604,3.897842217407373,False,CS4906
06249c,United States,51.843108937116426,-87.44950878234519,15651.870132629969,688.7063175564635,101.14370048263868,6.167144712097141,False,CS1964
01f944,France,-2.5259444683055676,35.70068083158472,17145.456902951348,389.8815136692496,34.31493935941239,7.9182458358507475,True,CS7006
0b5994,France,151.95207320254553,0.6802985059656379,11532.234055062998,500.430423956212,220.9048906887584,14.42521241378116,True,CS9234
0f2609,Germany,127.69886426965212,-0.267820804918685,36294.2359714036,286.53900579649866,66.35364670639014,9.993222492755201,False,CS8771
069a41,Germany,-176.24123118864497,9.15121832671457,31119.628434738643,505.77979476540696,286.10643709816816,5.9933932202077,False,CS5644
0308c2,United States,35.903933229371006,-20.694345081230864,14360.988671087134,324.10323913029623,94.25157232566144,4.742876498510945,True,CS9743
0ee25c,United States,-35.731203740740625,-28.24812546474292,18653.12995566827,527.9537218778579,359.1268444403731,-2.4328299290630646,False,CS1254
0dc091,Australia,-98.89619618745701,56.819776730204666,32490.560873677347,195.72860545532237,348.43094056790983,12.073877127624776,True,CS4589
04ba7c,Germany,82.41223472032692,57.81274977995639,16770.419919081596,770.2422549737436,155.8537647169955,3.6453988098551164,False,CS5740
0ba28f,United States,114.55923855310243,87.01835697361795,38316.04692144254,404.8732429523066,84.71499141226909,-14.495735930113801,True,CS1770
02c5a1,Australia,-81.91291963563697,36.37464054404039,34254.93457809752,630.9919564228635,219.99564304519058,-11.848717974438365,False,CS4607
0e32bd,Germany,65.5742475225984,6.181720440423248,23538.17494799354,364.87038335625647,98.59584390808043,-10.699591213580765,True,CS7020
0ab0f6,Germany,-88.16232863446395,-0.04112036571270039,11995.625671345671,375.10180772281916,260.40758258219387,-7.728481168570952,True,CS7880
070a02,Germany,57.24089715850485,38.39593420971198,35804.213132661775,538.4064495983832,327.5687909162326,-9.592776502199307,False,CS4002
05ba6c,Germany,-39.672756250812654,82.25679390987483,25472.51051053532,810.6460429085074,1.5387233037370711,1.728225097238962,True,CS5522
027b74,France,-131.72248199265826,53.55460187351716,11124.810661833722,548.2915738891793,227.61917938748493,0.6349373848273174,True,CS5229
050c00,Australia,60.029383941433395,-70.97516943824343,39447.62522141846,491.0190522922287,13.53953616660434,-12.788630646422778,False,CS8259
0232ca,France,-169.49326771444996,-4.715206015384979,37839.87838355795,714.1188741341207,358.83940499458845,8.976686523642243,True,CS2225
0a2d7b,Switzerland,92.81751817126434,-21.248121802050832,18719.700964397784,387.41894668865297,71.18656061081361,-11.089696157612302,True,CS4761
0c8eaa,France,175.5831316173241,20.690867767150948,26359.82679111966,187.92096903467308,304.34544799631755,6.849992876031372,True,CS3537
0683da,France,70.40362944358293,-77.75646382884261,35042.8623062941,468.85397404727786,249.48821901974867,0.24461841763605996,True,CS9598
0d01a2,Australia,96.23660284462744,-60.76571140215331,21628.191491952974,351.2004722203295,110.00284450127216,14.803714762789994,False,CS5666
036255,Australia,-88.82963699783848,30.56408250095741,32301.680502760464,198.14824180513472,269.3120849152496,1.5054476234524223,True,CS3838
0f0e0a,Australia,179.75137216941255,27.524460713853244,16530.07542111549,357.28390118104085,202.5550738939591,-1.1071257227979032,True,CS1116
0640e0,France,-55.98485594105409,-76.98591802604197,21020.22778659021,718.5966857641159,95.46273793768916,-4.2391081663560275,True,CS8539
075fb1,Germany,3.4843053716585644,-20.723929215076026,32519.140210371916,783.9593427596109,251.27979198944865,-5.9361945673156455,False,CS5237
0bded2,France,33.32370989726388,24.67430715739505,19793.503934499375,164.50682666637132,339.37530721481716,-14.335608231921086,True,CS7866
0b4763,Germany,161.82689362101934,18.625511589487687,11903.3641963394,883.5209294217219,245.0719132212405,1.9030641938426491,False,CS7365
0d0ea9,India,-34.216589664605465,-2.7822294231028906,32415.670422356805,794.4674470802732,208.47770562240393,13.931184863483072,True,CS4436
033615,Australia,-77.5690605920611,74.24841742780987,23759.990433507115,192.41173641674405,167.42368195959034,-7.074106402172177,False,CS3814
0452cf,Germany,18.604819938063173,-6.414435248427836,20319.828786543567,228.25688003438574,175.5575223350186,-5.219280011285752,True,CS2083
0cdd5a,Germany,157.7679988275484,71.19774099656462,30334.95037666776,808.7501941368846,354.6937488908663,5.727859808334536,False,CS3311
0dafdc,Switzerland,72.44458810027825,-85.34407841810278,21817.238297856544,738.2147288474741,345.96694049243354,-4.518855611368593,False,CS2975
084f6d,India,-86.43692730831229,-52.99854350732758,20779.352601102135,144.7508286007954,136.97446479820942,1.8300547066682213,False,CS1065
0be8d3,United States,83.01776630344295,-19.452422757044488,14334.590213739415,817.7210728047156,182.61316550817529,-4.467381364820467,False,CS7747
0b531d,France,-89.47754123599387,-34.796393394623095,16498.593815180735,393.8212249954455,150.95441736695201,-5.269420140453526,False,CS1697
0a98d1,France,107.06341959647477,79.15148599079293,13689.1307123908,880.0698170799782,198.53551392495677,-1.513532468942099,False,CS6286
0314d9,India,-101.78327055768615,51.46246630684118,27071.693581492844,732.5129069045985,254.80512341951348,7.160990237142563,True,CS7546
0d4e17,Australia,-87.20874606844687,-40.97005483232408,38416.91631406419,779.4110293704804,342.9598986495958,2.2771422849642278,True,CS5444
0a4a31,United States,72.6796198402148,-65.54936849918869,37035.41537840994,537.9668694189629,337.8906927160231,12.181367927079322,True,CS9990
0d75d4,India,-96.99113994168431,9.51814797289039,17263.889714716628,445.50798036614424,308.4133589469612,-5.278589542619054,True,CS5579
0c091e,Australia,38.11456611188561,-14.697572587994543,11067.236027602661,382.66962572086436,319.0771444986982,-14.687400648946854,False,CS6916
063ee2,India,78.5626766961824,4.832360911985532,24236.57797275837,653.8977084309624,150.602126797286,6.871796275698969,False,CS5208
0c583f,Germany,-4.777992213865019,-14.87583446195822,10202.71108771488,706.5408300661213,317.76565809354065,-4.7465332266380535,True,CS4399
0e723a,France,-8.663503197755546,-44.279077676714756,37128.93914430137,812.9517939259247,309.60192284750303,-11.051951707947088,True,CS2576
0cee42,Germany,-133.94179834906794,28.26504179310389,29637.356261982917,523.2330219222661,48.987086149671896,-3.6866002639004023,True,CS3311
0dd252,India,-85.00284990295944,-64.0019370275821,37748.0410605415,835.475506832729,93.15985301816869,8.533740707254026,True,CS7150
0c7afd,Germany,136.2211416411186,58.61410815327153,12168.269184295461,636.0239783902856,138.45257372630405,-10.146255311930968,True,CS5510
0c211f,Australia,176.47848955910962,-40.709177942164786,11653.175508320217,629.7225518995384,224.30831682294394,-14.546627221872603,False,CS5446
02ce7a,India,-92.19741314456368,-40.190894147530344,39453.58197935717,416.89480686739495,193.12993562583915,-10.665714419324644,True,CS2716
0cc21a,United States,62.24635741614958,60.51106306047134,30543.466232641076,549.326108694469,297.74298433672857,2.368016789313028,True,CS6956
0ddec9,Australia,58.371235228989434,-21.968668403473202,34198.41095157949,438.08982183471187,316.7278863103175,-7.640345075113222,True,CS7818
05a2b1,United States,92.29029233743984,54.93527558043161,31820.52538987955,661.9990701012362,48.00336583048519,2.4512190199339585,True,CS6175
0dfa02,India,-107.89968154062402,7.00793318906301,19891.298843117125,430.5078001692581,119.47313330610841,-6.62526228121941,False,CS3996
0cd206,Germany,7.273323596226874,-52.564966254026366,12477.68890992853,222.2299620030266,282.46185033123527,10.398010999505193,False,CS3243
0b985e,Australia,179.74260696633888,-10.231218606469682,31113.61589671804,540.0926549295365,335.45205238943805,13.765651147151353,True,CS5672
0d59a2,Australia,-175.36777205146367,-66.96674005659006,23998.851581576597,508.63734409112635,206.97665630449035,-11.11164412277292,True,CS1800
0ca638,Germany,-64.8281065369055,31.691785799486993,28268.484715805527,846.8092163872174,65.56540521356266,2.486306433486753,False,CS2806
0db7f3,France,-22.385829881927066,67.85424467051749,35436.38694638278,520.2953466916277,341.3885979379321,-9.870693736100774,False,CS7930
0ef813,Australia,-111.39360029213354,-89.82001850097234,17662.732954658815,749.5008999014501,202.2430316260523,6.587717003101712,False,CS8631
02790e,Australia,178.20537373181622,-6.8891448340181825,15744.005300097137,567.0945670975486,286.4209096119193,-13.757752363196117,False,CS2747
0a24f3,Switzerland,100.37414196908009,47.476157424758725,11257.881233663613,376.1371917171018,112.45997120973266,-13.443119979236437,True,CS4249
0b3bff,Germany,50.41970314799147,-86.57508977823493,27923.188924610404,559.4173192035938,258.0505714147788,5.598117218575986,True,CS4742
0c0b33,India,176.0290670303134,58.51088347199678,23845.655090713735,558.7576330858288,265.74344729952344,-9.111250960438845,True,CS8350
0a1403,Germany,170.89640704411846,-1.528636353781792,35190.63111040761,617.8422324297111,358.5173075235943,-9.512254183482163,True,CS3445
0be005,United States,-93.96764812329444,-30.569879783372436,22497.96733393263,472.4126608877522,338.2043736804899,13.08241425706245,True,CS8859
092548,Switzerland,-29.956191918336856,-54.018825939240806,11386.915756788621,204.47947453481223,3.9698039244439403,4.831195819185478,False,CS2498
0ccda1,India,153.89852028953942,-19.268569094381746,17567.468051737716,731.7320548708869,162.30708907632172,6.257364332969036,False,CS2884
0a91e0,United States,-83.24126150967612,-84.02265655831707,18779.369383602316,678.4383378129118,149.0135786542741,-5.270685074610217,True,CS8093
028455,United States,75.78222873180806,17.43614607917192,30236.699855910752,567.4008297837472,32.98491919029259,-8.0356739607212,False,CS8994
0f2b31,Switzerland,148.01426263764392,-16.331922570777664,16018.218780871726,230.6558508011502,338.2942134417515,-5.874575575733704,False,CS8560
0b6351,Switzerland,-138.7096726372738,-58.110935291635315,33017.038744003075,688.2087176993318,133.59330779643219,10.310666069704101,False,CS5341
03a94c,France,-59.67968681459564,47.42182528113244,28488.014045043165,310.1753304070273,219.8040091308985,-0.30852651494264727,True,CS5360
07ff37,India,6.398653767797441,-10.177988494593322,22361.23088481599,898.804748826251,341.4998115258758,4.211038947184765,True,CS4040
048eaf,France,-61.681829396505364,0.8520308889207229,14397.747823563546,254.2975882628856,84.8740019684107,-5.0805309469296684,False,CS2232
0607e1,Switzerland,54.57771074707503,38.157060583132534,10595.390757892133,731.2258800373968,214.29978308567624,-1.4843559227272873,True,CS4510
0c8e2c,India,-9.791241932152104,19.504257001661045,27430.241567500594,674.2911395880216,195.37415682146838,5.871377779771333,True,CS7734
0bab8f,India,74.96298801722321,-50.06195340395992,18738.189363731566,194.91286186722022,58.29784659262951,12.398996030725701,True,CS2537
07c9ad,India,70.97085524938706,-87.80750789502976,12464.482051141726,321.7039464839391,215.21167666059543,-13.63581238949948,False,CS3130
081970,United States,-8.999737710905777,-56.10880618834783,34426.513533748555,248.05393246040262,216.5882298152512,-8.049494503212294,True,CS3000
033ef9,France,-94.95401288546478,82.46463037810298,14078.996747518198,685.7029635963775,296.0466088792578,3.191397574865313,True,CS5882
0dde37,United States,70.70564077022067,-62.10105072689636,17153.638977816878,272.352029323302,337.9027525492024,1.5444601627239791,False,CS8542
05b893,India,28.28361039636701,-52.977291297710394,19305.469023496105,802.6540722442128,275.6243156811909,-12.668709536616781,True,CS9098
0479de,Germany,-105.33823643224602,-30.851959742058916,35658.628932921136,480.275110444408,90.03549288784083,13.169171402227029,True,CS8479
0e4cd1,Switzerland,66.45924957655737,-82.34565002729867,27453.1873098997,699.5613661353663,64.73190862908628,-7.837539473230796,True,CS5652
0658ce,United States,-139.00160504824944,-36.42123543663306,19325.83362086104,727.8930124764518,26.026959407038678,5.275633970829016,True,CS8281
055483,Germany,150.8769566722446,-38.25473871432642,38629.19897503495,559.8564822542603,345.1925967853645,-9.120678105197689,False,CS8920
084d92,Switzerland,133.97176425603215,41.074749011574454,30703.090021082306,506.0443139630352,68.5198371897992,2.4286281360809596,True,CS6982
04d21e,France,72.87958525004873,-44.295017410900016,12564.119725088021,848.1666170178427,285.75191227409505,-3.364924997302257,False,CS9478
0321a1,Switzerland,-86.88645877276916,-28.850403893097763,21090.72332091581,503.2811138071404,283.2045758211894,-8.999952488546793,True,CS8399
0774ed,Australia,38.614602790190304,68.95546206570603,18310.94304220537,443.1643483107609,9.08195725411234,6.1470339340146225,False,CS3981
0338fe,France,147.084887342691,-0.9919002289316552,18535.57643741695,471.7825278508374,107.94311032217496,0.12094012239460561,True,CS1005
04866e,Australia,88.5840719282802,58.485329070552154,32936.09852687828,441.5338231755913,303.2196344803821,-1.1929741317012663,False,CS9518
0d9614,India,-29.42703185236627,-52.61811271715628,11471.479898883304,247.42365424993193,291.8546438680841,5.519062786292061,False,CS8880
09b2cf,Germany,-19.950252990891443,-17.25014371397394,24209.87643738968,329.659788409271,28.505611705849876,-12.19149114154007,True,CS7246
0619db,France,-63.09516571847894,-27.885885863798464,16257.918921894508,769.5379630918993,312.5528100865803,-3.9604206867813634,False,CS2973
05e13b,Germany,110.92988750191995,-66.73557998699007,10141.203374794335,738.5120951766393,177.48965049259706,6.112897995724758,False,CS4175
06e01c,India,-118.12671728508954,78.84537587436543,10118.46090047181,481.5922639413627,346.8129613538465,2.471332522192146,True,CS9529
0d8c55,Germany,95.47104459947548,-52.159535612240354,21639.414344713892,339.77446296207376,209.43238782140338,14.04714238476134,True,CS1882
043b7d,Germany,-48.490483457615795,84.69519359776424,16303.137334745055,197.8897605749601,221.2235766453152,11.668198390335501,False,CS1222
072db4,France,-69.16157388442595,-71.74970085901182,29572.317796390802,562.7337715363303,8.90150270673028,12.356680963094824,False,CS3629
03847e,Australia,-6.281765726818065,31.455425230468336,37666.97425178886,322.96221356455106,257.29525531629986,13.199501134384416,True,CS9467
0b39e4,Australia,123.25678352028143,41.70921955427929,32103.92928510326,800.4106430182238,62.637831361782986,14.764856649822715,True,CS6891
09bec9,France,-45.67736776449641,73.07395964572697,27354.506091640575,741.4388318064613,149.50415697226543,-2.5645402218336173,True,CS1627
0ce4ca,India,-146.66050130312124,24.94817218089186,25176.470346217746,763.1933033755205,255.47991645635406,-9.260228181545171,False,CS2015
07318e,France,138.81507091308043,57.094477065393875,29269.90951650495,613.8178818554928,17.18760389885506,1.1630162915170281,True,CS7893
06de9d,United States,-86.35886444511868,29.664853422938066,12227.717131898371,458.1426025807025,195.08760943088828,-7.920720774600575,False,CS1255
09f9a0,United States,104.69380044281314,23.608244739563105,30598.445024128367,821.045547719361,336.26579943703894,7.198351813630726,True,CS4753
0ce8de,United States,-51.116548521580285,-50.77266586148913,16116.978964270602,361.83280112439616,141.56060607663605,-4.887924904627122,True,CS7747
0baaec,United States,-70.28027168514382,-30.86729042754539,34409.82581274044,811.7192390524833,322.8958706138268,3.4883441292990867,True,CS7552
083456,India,141.2415133767105,-32.22204468653617,29411.96959749835,885.0917177166274,58.74443748536006,13.96650715892265,False,CS8944
0e4ec5,India,147.77851189809547,-32.628312084579726,11323.254448476788,533.39575756284,238.55943671997994,8.85108642581168,False,CS4124
048eda,France,25.217151364971812,87.84009831717802,26811.137180642876,612.4677858000672,197.17349937844392,8.810289350983961,False,CS7359
0bcc08,Germany,-59.19950422246356,-21.557690095664952,35246.08790883261,640.647927683899,46.40272824326837,-8.496769210074628,False,CS4047
0e4104,Germany,-49.12704220162985,-25.678166166502635,15403.728851815553,734.640122961282,137.67608502876172,8.819880028877048,False,CS8189
0c0b95,India,-175.2805781719807,15.053058854175305,24015.04678380001,528.7891912342071,297.5958782623527,-12.43488037372163,True,CS1303
0de1ad,United States,-91.97822196368593,-26.660902590275896,31063.54763985466,772.7022716399488,328.78622562820794,-3.035506562297778,True,CS8454
0ad045,India,137.8622010774563,-23.302062344467828,12002.193315346272,524.6752833778673,81.63932961710867,3.7315634651340517,True,CS2275
058136,Switzerland,-160.84311218271236,-49.47869287836414,11269.11625418758,234.42046893244446,162.45163573435124,-7.959132407187161,False,CS8923
0d8739,Australia,-65.52570492512552,-9.35370915911001,15304.11007864132,157.73180403067178,41.61878066745092,4.304072389691054,True,CS5929
0a99b5,France,-54.52338901921944,-52.791509581351036,30193.031285044875,253.35542645694827,345.2371233991808,-1.3574052497752707,True,CS1260
03e015,Australia,-169.64832497131786,-46.151845677358786,20315.423442612282,356.08145402829774,45.3327452419676,8.123348898727848,False,CS8113
0d2653,Switzerland,-125.27662532263705,20.953115831935136,24049.379624277542,704.3422160409368,289.32349846126806,10.26947789834276,True,CS7787
09f0cb,India,-65.10689642779317,-29.28112653550202,12526.690693251832,351.08709202728244,292.8589604479142,-11.59901546433556,False,CS7499
06db0b,France,49.58686207559401,-67.11118098659077,33620.512577598245,776.3901528254634,336.91225337737717,1.3512905016255417,True,CS4308
07043c,France,-145.72012265381431,65.83046719337852,26618.133344314516,296.2452770166682,191.1196975219247,14.091847893600146,True,CS4565
0d2b5c,Germany,-87.11293756291141,-55.03013908674264,34926.55840646184,578.657393386461,37.36604451597245,0.9406781582555777,False,CS5900
02139b,France,-35.35278715578937,17.378884367728872,32045.133814467205,300.35314066182883,35.77981056123998,4.542109974435707,True,CS6464
07e9d1,France,118.49956827052563,-84.80463416996446,16868.080756325522,441.5269426997682,253.38119120389823,5.040051144123069,True,CS6394
06819e,United States,175.27845147478178,-39.95398975080948,14597.52198696495,543.5357346822864,158.03150124073989,-1.509389280499006,False,CS3907
07b294,United States,-127.08672932468636,4.760776738310184,35783.00299360388,888.6158008992475,66.0663526347654,-8.994495133739957,True,CS3988
07eb03,Germany,46.65471476807696,40.09336809787939,11594.251148095069,373.8461354327396,103.09062867520116,2.3643584909972475,True,CS4553
0ae580,France,174.23550522340906,88.20556790500518,36505.45260896831,684.0262742602406,305.54274279517716,-4.8947169528995165,True,CS2134
0d59f3,United States,-63.67964937379749,-24.09660042938357,26748.46579998806,555.6947701104082,52.298051884290274,0.8155624021864316,False,CS4970
0a1756,France,-5.279163957649558,-28.921438350706012,25441.619193535123,190.1480665158985,3.926967320985441,9.532030342120194,True,CS3246
0c11ee,France,23.608840711923392,-83.91751586592923,31174.16910161411,503.31191653006186,180.0961631391995,6.529938957815709,False,CS4983
09caf9,Germany,17.087348028742014,89.68983931415141,13592.569652924229,652.2404239119811,177.37598386249786,11.94515108109756,True,CS4723
0d264d,India,153.08527048705685,12.302914842884505,28243.92845567578,329.3984367605194,74.88311233977046,14.20747360774461,True,CS9077
08d338,United States,116.0807081021178,-87.40061369172953,10370.98099797252,529.0454789912918,130.14599705487532,-9.046978315628115,False,CS8474
0ae4a1,Switzerland,49.647479616615016,-7.17017283011991,30735.208531156524,172.97196580521776,5.764369286710384,8.570603183253414,True,CS2690
0dbfae,United States,129.6177861363683,-64.37942978782465,16699.06762226629,553.6061823164109,250.12876966094507,-1.3025064523051402,True,CS9317
0e1131,United States,40.617902800984865,24.885670530374355,10373.5429390617,736.6056438964196,137.44763523936763,-3.0031440119405044,False,CS6330
0549c6,India,-111.19987572618008,-44.025332558945806,18591.33315647162,412.8898965571422,181.7984337104191,8.662387821699962,True,CS8895
0a1267,Germany,39.166981899052445,-19.34692691347766,25849.043512316857,755.0083137571722,223.16014409757764,-14.330120433279166,True,CS2507
09128f,United States,157.9569699963253,-14.061901630859609,21460.568367336826,655.1705141511641,312.60824118653727,-12.784070523812325,True,CS7920
04392a,India,43.641084854191575,-74.71181118459042,38297.343202300624,272.35919021106525,353.45635991076506,-3.1140133391035416,True,CS1089
087a50,Switzerland,8.660587680321981,-35.46365530539172,27435.24951635151,595.2961528620773,15.355687706421257,11.96327513417081,True,CS9653
04227b,Germany,71.28379122449329,-34.23383322237466,23355.099825420933,551.730119975194,61.70084612761075,3.789839037369372,False,CS1618
0765c7,Australia,95.54588712112303,26.011258518333506,25505.91743740844,780.7598578082363,256.40680121714087,3.3501549482994193,True,CS1559
09783d,Australia,108.05374424916488,-41.66635256887218,22951.598671712527,200.96092592388632,302.7849226287691,2.9049070518250097,True,CS2208
028a2a,Australia,153.80675459751336,-64.94371436743887,30181.379350492916,651.8237081487342,279.19520106250843,-0.23083020903547613,False,CS8052
019beb,Australia,-158.61474490143152,-42.23168692331819,32945.23701546889,581.2482754348608,265.03770080625156,-11.057002402571133,True,CS3284
0afa94,France,171.6805331829089,27.494585741889253,28889.0301134014,595.0140507852724,318.6111834173379,12.363754360935712,False,CS4183
0c5688,France,110.50248520022444,-50.525003070138666,16872.946392735397,641.5107831196709,189.68654032154217,-3.932401278347889,False,CS5735
02f4a5,Australia,-76.7375990796678,-58.45774303992897,33364.49041798139,829.8125740953866,161.2294003518414,-4.727011461028212,True,CS2112
01a2a3,Germany,-82.53092218789031,56.70807642112945,20849.059734108447,169.38701052055882,352.9808233470356,5.151042349153265,True,CS6660
06c194,Australia,-19.968241166856643,-55.619973047900096,9996.832237164812,824.2630797001975,342.2302185676219,-13.655095930737994,True,CS9495
0c8bdc,Australia,-177.54389495494272,-11.855714254081505,28315.926792993814,531.1277612654808,260.69010877938626,3.253873770125665,False,CS7550
092a81,India,88.15902613860061,-3.095670473605864,22332.217775729885,625.8504976572341,187.5439214869471,5.738930605753225,False,CS2176
04d906,Australia,-33.73353782086997,57.2463750427664,15611.437100608393,289.49352388050437,341.5892564430591,3.438177779057341,True,CS4345
02070c,Germany,-8.886645120459406,-20.644762092500116,23558.391249494383,650.8236700441848,224.19077764707043,-1.8611621514287453,True,CS6178
0cb4b4,United States,133.52124744965806,4.211600724537988,17245.548206432668,874.9049187493802,132.5033068624959,-7.079851996783194,False,CS8007
05670c,France,148.92686172253252,86.93397340579918,31352.119414343906,326.0964448408981,145.88759326215757,-4.790727655309405,False,CS3185
02f9ee,France,96.45730936127956,-1.2786395813797924,19965.75022123226,315.74634548018554,67.4855102069298,-4.25055516920369,False,CS5354
02cbb5,United States,-67.00870401910326,-67.7461765139154,28296.921245025074,401.84404485037527,234.06337615358296,-11.00795285413629,True,CS9018
0ef212,France,-59.742411771647795,-30.48184652209369,22397.337425348986,569.6312594769934,190.36035833087297,10.064015193444249,False,CS1730
0e11f8,France,-145.24139260027704,-33.91442789596502,13788.393177179853,814.6593321839933,193.4610525371373,10.065749409854291,False,CS7620
0c409f,Australia,-135.40165997362587,-37.263341459295255,39200.70060629071,482.0198194427587,250.49992835977392,8.436180228912573,False,CS6557
0cfb85,India,-24.644673527783283,20.621402316460106,23628.688826917747,898.4790150784958,261.00446753205165,-13.571989829116415,False,CS4075
0dbacb,United States,-88.69149487373969,-49.00730934895766,23760.148930773787,775.158807234381,207.90832593248354,11.25172942540856,False,CS9057
05dd53,Germany,67.42696212260569,3.741936201239156,26269.40683508036,190.19240385285306,114.77473069135557,14.882086395618717,True,CS6126
02b38b,Australia,-83.14329823380521,-15.764852575785753,25138.93185815938,346.67077385540904,22.81034099175711,3.6628744306007803,False,CS1572
0d487a,Australia,-26.727374814451622,85.58179744988709,32482.266779710844,367.4946790767401,8.205497803118144,11.503051073180266,False,CS6370
04d354,Australia,52.76672611677006,-70.40587544514901,16073.52130800358,719.2848794400203,60.03618789553047,-0.11056666327490738,False,CS7664
0dd166,India,14.177531806129878,-39.65325260814035,33901.961281836884,555.4926560170233,192.46165117297903,-2.4067014877013158,False,CS9386
0578dd,India,100.2125051992702,-75.99557579884022,36754.96707356183,612.658338425016,38.673534057351866,-11.85722047918294,True,CS1011
0eee9d,France,145.9836117217202,11.701649975841903,28857.157369895107,298.9002406636012,53.02923136033992,1.5421515422294547,True,CS9257
091689,Australia,-38.36576068361552,20.444103670484637,36798.59040408897,597.7244409601766,185.26509802630727,-0.9726686266702398,True,CS2807
0ed630,United States,-56.4761535271022,40.26362970727101,13597.413318362269,595.1863846569988,322.8545581220075,-14.070088693775546,False,CS6730
055527,United States,18.06774048158107,84.52852321812588,14654.983689539937,146.85237916902224,57.215266118897645,-7.064170193980993,False,CS1156
05b1cf,Australia,-61.77626275662101,55.20599480296238,25928.48264837437,594.6492085456206,43.55811904415047,-6.321231205247221,True,CS3674
0af2e9,France,-128.73684253449136,-46.147830015395215,14011.21092091401,704.211298808733,251.40084402953485,-11.821896997691608,True,CS5952
03e2bd,France,-36.51126833358512,-27.90239704205937,36214.8422104985,640.446559524975,188.27570163376524,-14.755546038418597,False,CS3995
03a3a1,Switzerland,104.24350136542193,63.16482702439288,30260.97456633842,826.8252105785606,291.12404716504165,2.8094009170088725,False,CS4113
08f744,India,-151.86599820149843,2.8011672610985414,19565.267735492926,750.9694284547344,55.865461085479474,13.167542368591977,False,CS9403
054498,Australia,34.533432137984676,-72.86505675066266,25238.472265388948,352.8494418053192,26.788769446882743,6.093238646608704,True,CS2456
03493d,Germany,145.27367025710691,-78.14497710106629,39500.630234699034,730.4218336246021,167.58611541530558,4.70900290349266,True,CS8164
0e121c,India,-133.95268118242592,-21.761001262344337,10212.063677879007,768.937256602956,265.1186299455668,6.199837969588135,True,CS2315
0bd8ca,France,-158.3691537067908,32.0661576484118,12416.506008801656,526.7917427694506,274.6453907973937,-12.826590497711814,True,CS7407
08b076,Switzerland,112.40704089064388,-40.03629425829588,12680.952030839238,384.5330212560333,331.4901174002881,-6.844677224003089,False,CS2485
08415e,United States,31.24776931945874,3.6311328679854427,31277.623725147685,574.8799527970727,182.35168488860344,-0.6216593020726542,False,CS4387
0a8985,Switzerland,-55.027517305972324,33.39875160061928,14529.709065496987,386.4732012001378,300.0199442595758,-1.2142112158090494,True,CS6155
063519,Australia,-122.91078546148259,46.33143604794029,37681.360465152386,843.6049647569399,135.52582177036007,6.220371656857733,True,CS9826
0bedc6,United States,164.83180452589835,-56.41283800047639,23374.626104376122,650.7446666102833,298.4926560845082,-13.075755737261023,True,CS3670
048b4f,Australia,40.23578265761128,-19.488959747414356,22029.136462455623,289.41441164304536,132.30857688169715,-12.365033084562723,True,CS5479
0c261e,United States,113.81137974525711,8.265806329112323,11790.728531747594,237.64481204997907,336.03817474785404,3.7590978644738975,True,CS8684
06efa7,Australia,149.07212231467207,-28.33057626706409,19969.236047359893,722.999124120533,96.30637548423557,-13.64774508662147,True,CS3950
0380dc,Australia,131.9709272517622,-15.382686760563814,36943.00041554395,803.1418572548812,140.8850511665723,10.106248919439537,True,CS6973
03be2f,United States,112.2209729138894,74.87036512914474,17021.013976453032,206.57236105406662,234.55724149542866,5.123317956769029,False,CS2993
05f9d5,United States,148.8887071835481,69.00230424187168,20882.24767843087,881.959439305486,353.76173780345516,-7.054250717448918,True,CS3279
0cb633,Australia,-37.60239404844944,53.757230290799725,12268.352097441071,473.3604660597641,236.489211477559,0.9268470387611156,True,CS5026
01aec6,United States,-49.32939008123367,63.34829252680305,23093.939413742857,258.19336826283006,221.0652302686449,-7.186801433448606,True,CS5316
08d7e9,United States,49.845962199576235,20.011684984758674,15200.920400095656,168.0408938237012,28.174637174262678,-8.012929204722516,True,CS2058
0e6859,Australia,138.7269193299307,57.6614669286333,16066.99221531414,220.9161694403126,124.89083447952022,-8.39405668028918,True,CS4047
04d278,Australia,-171.16175886624825,-88.12946001426923,12061.504496912872,814.5015029399672,46.20147168548476,11.631683484398188,True,CS1035
0d3b2a,Germany,-111.53264329923178,-85.98508809875054,18680.11752615208,776.7059956999327,4.560927233477331,12.640247101405656,True,CS8291
0852b6,India,166.86230846919892,-13.744218105963284,25926.729866308833,211.9734656650417,42.904670515615,1.7943256398027359,False,CS9754
0289c8,Switzerland,-33.84000628528645,81.98934684526478,26511.153933731508,449.00583668250005,257.06082124078455,-2.2003527045029116,False,CS7634
0c62cf,Switzerland,-44.16096644247733,-40.699810631553945,30254.995209863388,827.4618478431057,324.6293935476831,7.037064111901984,True,CS9295
074b6a,Australia,90.00841111117347,-7.3375938797375255,18684.995714068315,639.6601121887398,226.62210770024777,12.96077975678325,True,CS2191
061a15,Germany,175.25176174638557,22.115719627411934,27692.179555732713,418.280538482851,30.591858515482716,1.044713469025396,False,CS3983
0a218c,India,-1.1310598207271596,56.910032056795416,15050.464776083041,833.6443119096003,227.07060175215383,-1.0096801764691836,True,CS1177
0359f0,Germany,111.14167193664616,-19.607307429325203,36829.2539472419,747.8404510436702,120.44659578717818,-2.310521991850237,False,CS5581
08b976,Switzerland,-138.63418320743529,-67.6163627493379,11752.756638278499,322.9101608165771,211.87272718653924,7.003302176714406,True,CS5887
04ce62,Switzerland,152.94281898510314,41.164269065569584,13416.609824122983,662.3301771992151,323.77940135919124,-5.805509385624447,True,CS4331
0e30bd,Switzerland,63.52257288448476,-8.410001406506296,28370.580362466535,257.69683086155896,76.54872706468055,-6.432108101298796,True,CS3888
08e0ca,Australia,-25.209830245446597,-78.85531927935929,30004.638368100466,177.4131097657442,10.802855468399994,-9.510208850988601,False,CS4897
0d8485,France,-77.82474306825102,64.37594554955669,10280.653367336643,264.9967426958649,170.97950180972725,12.859797795985589,True,CS5784
0529bf,United States,10.890573409204848,79.97479084287602,14184.563302652352,375.5717374193252,80.83649887350468,-8.738636843978306,False,CS5802
0e9746,United States,31.089227068475253,-79.816981159923,35427.75883820046,217.53641826559712,31.890675934845092,-4.531593727578786,False,CS6705
06a058,India,-52.54361903646071,25.34960943025672,24640.56047702276,419.82968843123854,28.04129608941332,-7.140487707678646,True,CS2376
032c59,United States,23.888691126740667,-68.48591733579424,13960.428386608435,420.00425088804144,57.273023903882596,-5.318619764932485,False,CS8620
0a6749,France,154.4124222821922,-1.3071967255448982,26864.079117144338,873.1748870356855,200.3075865274385,-9.684799852863991,False,CS3707
0e34c3,United States,-135.93496434192852,49.4736656482294,38370.22476207757,901.9481343408133,286.7553299277145,-11.772478371266589,False,CS2595
06c91c,France,86.33626676874155,55.665656050435075,12691.924048646348,306.1028287650125,211.65251429546953,-7.182566779406766,True,CS1003
08a83f,India,-104.50079461856681,81.71924978566784,30126.482483512675,393.7071985066146,44.99820375762657,-2.843782331368658,False,CS8740
07131f,France,-171.07297520347055,41.99879601978077,34222.891925034564,448.2546567409905,151.06523100281737,-6.291313466677165,False,CS5325
0d38aa,Germany,176.4492366487678,-86.32204025564202,14946.842984607028,806.0897225834167,30.5497627668312,6.705267604376672,False,CS1660
05fb8c,India,-94.66844484566515,46.64797515896191,21445.96436072318,783.2209017833605,53.54190893833195,-13.97126905992375,False,CS5717
0b9236,Germany,-8.229519505336185,5.555804032251444,16372.719191784548,599.6829734760729,82.84555468624755,0.15585226565036514,False,CS1315
026027,Switzerland,-150.55493996978282,-6.584375368690317,39733.4694611354,760.0603204166599,290.4217465760261,8.592469142293105,False,CS7987
0e9471,India,-100.48822623295018,38.788649558453045,16735.079508131636,897.3725380087051,190.91528702048015,1.685135215864193,True,CS2357
02f2df,Germany,53.51005824842528,36.27059201124749,37265.99655293503,291.8871403395762,8.82180775524246,-10.018217434671824,False,CS4592
086b99,Switzerland,13.840854164322025,80.97259148538981,12118.666081304737,880.540016726756,27.85738432877976,-5.664783835198573,False,CS2871
0d1649,Switzerland,69.17589467102584,-27.61435148176608,13412.582237842384,191.53469995381224,214.11465745089464,-7.51875816399054,True,CS4154
01f4c7,India,-137.38333381126122,21.125499879056875,11381.342274629857,707.0388731025698,241.16212292721383,-0.15498687320913795,True,CS3068
09346c,France,-95.5559915249928,-36.78831086393613,26561.87500194168,482.0514334422387,40.92166542055528,-4.730570808036676,True,CS4806
045a4e,Germany,170.36971067042168,4.396467296583609,37068.37722831714,672.2850230298229,40.14452486844708,1.9581338690651222,True,CS8557
0bada7,Australia,37.04438878348313,89.67134514248349,15063.071763453016,456.62631557487646,128.29516546082147,-12.813851426671238,False,CS5258
07ef23,Switzerland,135.82678512519175,40.14412098608858,18363.80572051452,275.6491206354712,166.43099734883916,-13.804217599492919,False,CS2786
0e6ebe,Australia,-132.26526270886905,58.22212842883161,17265.025592247886,210.7596618676478,136.938849869624,12.251982149245457,False,CS8511
0f1386,Germany,-97.93731269332463,60.957897048967,15607.805292956238,369.85239722707036,321.7265398358069,8.246430540355231,False,CS3728
0e4756,Switzerland,-104.52014155689756,-16.955208645734913,21011.353827507774,546.0586092318867,282.09228276860705,6.0561833469989,False,CS3119
042c7e,India,39.71542213351469,28.827815249926175,27600.716140914094,833.6930158091807,89.38987813324552,4.660770310590593,True,CS1501
032df3,France,4.889248374939115,-36.48340780381761,19488.99304833696,627.5363311108803,130.59806539894086,5.350715576950524,True,CS1373
0f0911,United States,142.95841039899494,83.69783573760913,17289.592161427383,548.6356200217012,97.80187981895992,-12.044760595027647,False,CS6994
08da90,France,-124.84814782866204,-17.680397455328787,37460.6706433848,487.8739580275754,80.24615859816086,13.211915965170274,True,CS1627
0c1fb7,Germany,8.209306629327955,-36.063433351091454,27541.68335467179,236.78296117041967,129.44611060481108,8.088557712521013,False,CS9787
079df5,Germany,83.95321019918998,33.90660375943699,26548.541392792795,334.3911414560166,356.63435259892765,-0.6290103168217716,False,CS3057
0e378a,Germany,-167.40096324537177,-72.90736323426265,27387.97697298859,337.22806025785474,197.07559803971836,-13.066305563511303,True,CS9304
050e46,India,105.01353677096961,-62.42384424533307,28859.91096247101,398.64870742969964,18.143780233640058,3.373771528441953,True,CS3702
0ca473,France,121.67910627464192,-29.971235418731993,22847.95834664122,858.0715142418999,51.780617230682665,-13.221313992032234,True,CS3148
0d9967,Australia,149.7491604238113,67.90051826698223,39380.00669099311,511.5260491696708,9.103640287050077,4.800848625927429,False,CS9941
0c14f6,France,-17.683316413005628,85.95436720131474,36212.64582438211,290.28886388117934,27.915806066728667,4.918934879177666,False,CS2806
050675,Australia,161.1518157047028,11.619979987318317,13737.848468069858,295.6112846949994,12.85760700185301,-14.536943875566381,False,CS9453
07786a,United States,-70.85217208826546,0.37352574228663116,10052.066274895824,877.5983140014332,83.55352499010701,14.20294172146291,True,CS1593
083874,France,-29.981763252265665,11.133979091753929,40024.851757694785,811.4602298003309,16.900344701951138,-12.871951369980247,True,CS7882
0bbc58,France,-104.91213674063854,59.562638212126956,36897.876819079436,293.1091499039856,140.88840859332657,-2.722111639158131,False,CS9893
030f3d,Australia,118.19678858600258,-58.76627690628102,26995.712560883738,286.4771274766628,52.58684214677801,-10.905020471363112,True,CS5123
05dae5,Switzerland,77.22760226886646,42.74329605112047,31116.28826837421,828.1079925766813,281.1070438032155,-1.2190110596511268,False,CS6845
020c12,France,-26.34389629434847,-15.086310781533243,37068.64651672296,348.3943415082645,329.9785941223822,12.913807172051836,False,CS9202
096bef,United States,-24.64963797444676,-5.570300469515871,30391.145330461834,619.4609234641912,86.1816499121556,12.792843673275968,True,CS6106
0be993,Germany,-25.451454353550304,29.06950152903761,39338.121701014636,213.0211060626772,263.6784138998686,-1.1780356022000014,True,CS3051
0d8b09,United States,144.0843082320011,52.99552919836327,23036.02401801899,821.3307332941288,220.19388991348256,2.387739646869818,False,CS5591
09477b,France,-48.308648489012285,-4.36220024338553,14504.12319961409,676.7122218642511,200.1094394049263,-14.338629754249052,False,CS2843
0e7d7a,India,36.99747993718009,61.27481588893792,35654.909696878094,845.0920484445477,30.00382940260337,-2.5904414424768714,True,CS6585
0ebd06,Germany,166.22940123065092,-66.34469398914743,20629.965491400922,892.0218771643363,225.4086474542788,-13.071353163314848,False,CS5943
0a7bb8,Australia,-23.475410273360325,22.10324856264728,26974.91693117439,588.23203325456,286.6563259090593,-4.72862651692348,True,CS9923
045aa8,Australia,136.27788578181418,-7.788277743154836,18843.640077259988,452.5752525193367,93.0017546927123,0.6282437488786581,True,CS6024
048695,Germany,165.69734306128527,-28.678016700759564,18419.75568895085,540.6855223218129,256.1691298918175,5.714547132640053,True,CS8011
0653c9,Switzerland,169.63762179823135,-81.92852857330654,27353.133849824477,271.7828827587812,228.38670589705794,11.052790467215846,True,CS2709
03b1bb,Germany,-117.35395280700891,-57.182729788459895,10767.613955506762,664.2662724490797,5.373708125127294,0.3027313578228057,False,CS1806
0ec02f,India,155.1256750055627,49.83060450459752,19876.71849484911,372.98176283902234,102.44191613591421,2.123042732625972,True,CS5621
067820,France,-126.97522498454522,62.63877528781248,13399.364502399269,523.5640441481378,72.66390542451771,-8.332394120450012,True,CS4540
0c4331,India,-86.53539149705585,-88.27341601743943,25799.990067494902,682.2807303186714,296.3071596736159,4.404958055330567,False,CS4719
0255f4,India,-170.35183626555437,65.18610563794991,18457.234887507122,661.9291950818161,84.12661510860703,-12.37250177533307,False,CS2176
09db8c,Switzerland,-138.9156800391039,-54.58981575915605,38845.0001659891,551.257861364633,27.65180562848503,-6.616935937696336,False,CS9877
06cb79,France,33.299274759314585,21.75251337805976,33756.881749924,620.8611305519619,110.12851717004467,6.887400023157479,True,CS7795
080034,Australia,151.25453021169523,16.100736516230796,15265.18417348559,848.7513558790494,344.2703322903188,8.218767100916867,True,CS9741
09f52a,India,100.48023162116874,36.22776069768834,18714.05314271276,334.5963324813796,263.7824477921009,-10.418357936835216,True,CS9349
0d0c2c,Germany,-56.91831619594444,-56.404854125320384,37201.747220934725,883.9119009705869,185.11508787890847,5.838066738441942,True,CS5638
07e39d,India,-65.50979498759307,16.864987191120903,17887.629057574195,374.49890645805675,88.3388684569193,9.413929634406035,True,CS2485
0b0b9d,Australia,115.26950659400148,63.83691963866832,22078.939344330003,489.71128937219527,313.15275439386545,4.8725342943803085,True,CS2220
03cdbf,India,-30.80440443502735,73.39755511638239,38929.3955033579,638.1753011924275,28.667779121733073,-11.271960622737813,True,CS3276
0638db,Germany,-55.353211251373395,72.29481156313275,35108.933272024435,319.97778667633634,63.44114090968191,-9.811836540975982,True,CS3589
06a993,Germany,-56.22479343587196,38.29387169480108,31225.95382549738,270.9872560734505,74.00967576969633,-9.377462461468646,True,CS6165
02f9c2,France,134.33984623877643,59.67331953073153,35309.90015639781,254.31473562047628,335.136904822848,-5.816498243020167,True,CS4476
05f7ae,France,-71.5782428574381,65.70232466486908,14536.335809801692,417.05645958154247,88.80360393385533,9.704718209316695,False,CS2675
070b5e,United States,-51.475495536556366,-66.86072964488787,12294.871777685878,336.7070620708774,74.66494931341339,14.208305688839463,True,CS6595
0cce5c,India,84.47173418251492,60.41566418213779,24227.640489870526,484.51215864396045,129.1008240581414,-5.887730966809903,False,CS5529
0cf5b6,United States,-17.304094894546182,-62.28666503184551,21262.45049072216,871.7566611014988,293.7373609911854,8.931896456941566,False,CS3521
064b96,Australia,3.041033769580821,-61.15463851562728,37246.404945957904,653.0031478333544,139.03227471602628,8.509568027252971,False,CS8284
093439,France,-132.76024825505854,39.37877979299668,33878.20847244832,716.3891314142754,234.46359068806095,-13.331340292316822,False,CS1084
082d69,India,-133.5187477557453,-80.5145025546511,30789.809647184713,666.8722728104973,233.96069807633228,10.483705753616459,False,CS9031
0bd62e,Australia,59.431298757113666,87.8712341352036,23494.623302087173,781.8354961146813,67.59830221334674,9.183908696237289,True,CS7899
02e725,France,109.9014986063491,-5.0048272897526545,35312.47350148373,439.166381009127,204.3816788597563,-4.219989534259714,True,CS1937
074f47,Switzerland,90.92282809859734,88.9688427559309,33283.931502826475,398.7661434684392,34.079621370578934,2.827751761552328,True,CS6983
0465cc,Germany,-47.18552147859512,-31.411204399966138,39213.23729050394,216.63890946603638,18.140343166406126,10.575594399156916,False,CS5722
01ee5c,United States,171.7144325978242,-1.1531959468595545,34851.73011362574,358.5682807861373,18.64509630490225,7.815716202730503,True,CS2830
0d935d,United States,-103.1911350637997,-89.91062445148594,22208.712404119568,782.2394407324889,240.8172490804133,5.874308996746954,False,CS8244
07aefa,Switzerland,-101.91963427602805,74.96278049590342,11931.322582131816,464.60727256845274,241.66906281397775,1.7462316708170427,True,CS6447
05ce86,India,-54.21846704604144,-56.603019332594776,32035.853531410972,820.2830484570698,124.78887418461518,-9.349795952337416,True,CS4793
0d37fa,United States,-174.4155017074337,-16.012762648772892,23097.465945247113,620.531853117176,182.2001263483605,6.281064497077757,True,CS4768
058b9a,United States,-32.491230302965135,64.01599525685214,26069.06033364618,779.1417048966246,222.76367894119582,-1.7788484791701702,True,CS8804
029a7e,Switzerland,-165.89318768424934,71.26056438608549,24514.43334780574,677.6748955779221,23.430902187474818,-4.870134867115828,True,CS5821
08cf1d,Switzerland,-175.0830962915281,-66.7205149799484,13749.644453798745,482.2139231390601,325.8854954918488,-5.941726132681955,False,CS5318
0a1155,United States,173.25943717122482,-67.49062586345933,24505.973523895267,507.6879296665227,359.8692751900866,6.6003594841341595,False,CS7881
0e62f1,France,-42.6699025203275,13.563110219145614,38808.441397264374,794.9684911302536,93.25058272175853,5.880956895333277,False,CS4172
0df37f,India,-134.9524594412489,-88.84066396830781,10402.71855399196,895.6975285156237,305.67659466595785,-7.838003767969929,True,CS8114
035887,United States,41.024896179795064,-81.13423509013587,23694.88958937011,237.8317284983694,98.33143616965963,5.578155830326391,False,CS6323
034006,Switzerland,126.372793828179,11.390528014584191,32969.87420724085,460.6367108634268,86.28145307804735,6.836696663154719,True,CS2075
073bfc,United States,129.82546469775923,30.327990887674872,10167.137640500887,797.4858780938938,267.45107876767577,-2.4483390220005354,False,CS8748
06ed6a,India,72.93635181702552,12.951514033519544,30062.39938778197,648.2084126661359,282.9355050936733,-1.8701496769491683,False,CS4417
09fe42,Switzerland,-100.40141747983981,69.80910459526092,35972.6960203534,273.9876794004106,134.4548380006153,-11.13465754231911,True,CS1415
0e1f66,United States,112.2911172273275,-81.68816205457168,20879.191582485946,730.8917742928417,291.1172801305284,12.294878162379813,False,CS6686
05943e,Australia,170.85388531771827,26.481974014244926,14363.374338980198,683.691466589279,254.99199200300964,4.934672469077267,True,CS2160
02b8e2,Switzerland,-33.16728803963943,81.57758367848726,31364.030001245315,487.90640649858034,75.95229083015758,-9.673696985695393,True,CS7035
0c9850,France,157.74054105584685,-45.01062552367129,38567.36556913026,854.4120995160429,109.97524811212797,4.66024360273768,False,CS6993
060862,Australia,93.34953825112217,-85.33663791126699,31972.6612763856,282.31120433054974,323.7937343613915,12.262024491456241,False,CS6362
07c92a,Switzerland,178.01855010200694,29.703686671680117,36403.41694559138,852.6705218300938,186.13792667697751,-7.728041736285229,True,CS9112
0c4bc1,France,-85.32148684325335,-27.721033481408938,16388.1915962002,867.1721538746384,26.061827426518683,7.6958742886968,True,CS8891
0bfa0f,France,-150.10867518338893,-6.779974577277272,25059.06235907137,541.006803557984,50.37290203251736,-1.176863206446619,False,CS5339
0bd702,Switzerland,19.08653198713273,-26.956781790090083,26029.685723808296,792.6943789427345,161.08739717726422,5.225300652389791,True,CS8361
07f26c,Australia,23.372338329349247,2.3254566128085656,38174.34630049942,686.8634912388596,76.48173880373403,-5.222712456832317,True,CS5939
0d6273,United States,15.849907018630006,-20.320262601764327,35765.483504760625,348.41682503985913,267.306254691364,12.17278907103913,False,CS7348
0e7b1e,Germany,34.68652034848188,-43.89195140073762,12372.184442992435,278.56735748504843,164.2023033987697,-1.2994992415092401,True,CS3646
06476e,Switzerland,153.62175865309337,-61.684214883875,30058.0494575872,666.3568378862547,153.17333648814105,11.83864824181957,True,CS9895
02f062,Australia,-113.93895176847222,-34.813815130802965,17277.157811189954,611.557043181935,82.25498056541494,4.191346266245436,False,CS7308
0dd847,Australia,-70.77996629657964,-66.70792792726066,21374.35919202842,623.6812776460285,12.486199336794726,3.0305080356048357,True,CS5855
0227d9,United States,52.559529709838245,-55.81066086366107,39754.843815884255,477.2152116227469,237.16329449096813,-8.023216584050756,True,CS6117
0c968d,Germany,-153.48897828007324,33.01428971936657,16197.564376188333,219.95235410158563,236.67192879332703,-4.439102756747388,False,CS4114
01d32d,France,135.67871662617125,35.64658245141533,16159.938932141251,226.5870620758864,19.83396532070202,12.915640824667967,True,CS2783
0b68f9,Australia,-120.69463533211496,21.42347035963877,16800.200131797603,611.2495938154551,234.5707300941473,-12.921457255335472,True,CS7580
09f5ae,Australia,-139.8836768843798,6.002586382376293,34724.075037313494,378.7758036941667,323.13902341617734,1.955327381670397,False,CS5987
0ac42e,France,145.92520494823236,67.79447689814435,37962.75477626184,737.4887888712544,98.22298617197627,12.278851967455441,False,CS5634
045ec8,Australia,158.61080868354554,25.892966239563265,30867.583304591895,316.5484765672157,325.1425037473599,5.093164369567418,False,CS8151
0c1750,Germany,-51.48835761955698,67.11119076289879,36615.47805916914,405.37538189534376,118.05203425195515,-3.173310725968376,False,CS2627
0322f6,Germany,-173.25897363261552,85.36387142869643,14023.353875740342,323.70218234122046,146.10791479703178,-7.063421157206328,True,CS1704
0c255d,United States,111.01280988302256,28.18698271113489,25353.726730783852,436.47648387016756,268.93811137367754,-10.16761380660825,False,CS6675
0411ab,Australia,107.85353786415385,78.1611973956839,31621.87228858331,410.68388000659854,282.8911302047249,-1.6651993948194583,False,CS5262
091a12,Australia,51.23065442555253,83.58671345795656,29438.441490780246,532.2245487764031,84.94499946554566,-10.28224221885938,True,CS9199
05d697,United States,111.79007980176402,-65.32444041918555,33039.94161579899,872.172187363879,103.03829945781926,-12.424324224800285,False,CS1514
02fe60,India,-4.15323457813372,-61.784752525020465,16123.382728945253,500.5086336538614,203.23717438994788,6.8401370420339695,True,CS4484
05315d,Australia,-120.57548154333035,-22.125499389330585,38992.484136495164,708.7076496741436,69.43701384701932,-8.012799468020452,False,CS7886
080e70,Australia,19.70176560402095,-14.303045624570345,14025.037419730095,263.3560326437265,162.19458404276776,6.346811491707449,True,CS4881
0895e7,United States,61.51729921086667,75.16778324923828,34460.08067555918,521.951214112275,321.4905112975634,11.6930235128103,True,CS1711
07e4bd,Switzerland,61.7113719751662,79.39229783267746,22160.32690608689,640.959576260471,45.1037491086074,-12.815808751245777,True,CS7509
03e13d,Switzerland,55.06929350648005,26.033633368059157,10563.097672432863,367.7728457799844,59.81634917418161,-8.25898395280553,False,CS7078
05a3c4,Germany,-66.5820732273454,1.435118377707326,10758.055475895517,666.0718315549926,31.570599861029734,-11.211996086188005,False,CS1738
0ee165,Australia,-170.72859705720927,9.285513015236305,10200.12758484729,803.4448837306228,224.35143041233633,7.341721012428085,False,CS2891
0797b5,Germany,101.16396258014964,-10.983691043088356,10858.423309529146,639.592656065672,29.385951552077692,-0.20377405195104714,True,CS5426
06fa48,India,144.00587985777912,-63.54683926311518,22256.598734481693,557.890352235629,93.35256656729987,-12.44157603176044,False,CS9370
0b1a3f,Germany,72.15310502792823,2.807638685767813,18938.06174136523,706.1832996841038,131.2127160439013,10.57842767363135,True,CS5849
074fb7,Australia,179.8351380967482,26.669655795703775,20941.906237798343,666.841833170866,187.18385289721735,12.378028699231372,True,CS5768
066802,Australia,-166.60869806582116,-44.594569711756606,10483.597621374722,458.6197657631984,118.72938242052618,4.769596991361546,False,CS4580
084d1e,Switzerland,-138.05714343372438,-48.40677799822975,28811.39252607123,251.24415541403764,178.0194828005304,1.5505602124765119,True,CS8213
0d0367,France,-95.00080523315813,19.546114108078314,36891.4694435018,574.1350313139297,37.584816236059936,-13.277045156376492,True,CS7413
042504,Germany,91.59034868540226,-67.3634075649195,39210.979044538915,725.3288836464466,127.02119709152333,11.461278069146896,False,CS3291
042604,United States,-62.85522054775885,-84.78322658948014,39800.36077069465,728.3851169600354,332.7715357908643,8.37782314613196,False,CS2995
05c3ef,Switzerland,-124.99972230591402,-54.645711822667685,25508.59026888913,597.8541791475088,45.54165406877125,-8.435993645264666,False,CS2802
01b94a,United States,154.90989336066525,75.61943319897853,22357.290391637984,648.4409438355154,215.70819516756518,-8.491970743633402,True,CS3743
03ea2f,Switzerland,-137.63194572486321,21.39853279264652,32142.944381994534,900.5591516962755,64.020830671516,-8.386056960209306,False,CS6134
0d3a2e,United States,38.959474131576144,-13.178499650575375,30753.217597044546,666.5728563066394,173.04309706181294,14.887961590461895,False,CS9641
01d69f,Germany,114.74419984374998,-84.25522523886039,37485.388986530605,690.9620687339476,353.4720802699137,-9.773959957726296,True,CS5436
02831e,Australia,87.41842124216117,11.578270617261808,24623.672994230023,504.10081678849815,348.13497906034723,3.8804148759648953,True,CS5231
0e5e0b,United States,-118.67526426926928,-13.612117692289857,16814.094478444706,395.36171789262266,82.17362831319407,-13.47419606389977,True,CS5672
02bd34,Australia,-52.19929121700203,-8.286337855089414,15179.865867598532,556.1425409477822,85.6477585533563,-13.37498615262222,False,CS7140
068ff5,Switzerland,-169.08571935338696,84.68057061687747,20176.500210448987,544.4815089189519,303.438013076338,-14.701050070659848,False,CS3081
057409,United States,62.46200266243673,-11.661015887497015,17155.674709014816,421.48718750852083,180.93233178318675,-11.784950519720597,False,CS8366
034dc3,United States,10.5121781636565,8.218333900067833,25661.44884648263,164.8066352930805,65.81915807795912,6.48827421759848,False,CS4885
04d767,Switzerland,136.1371946762569,-3.3010319608104055,14142.384827996484,155.90463385696185,183.6741037755108,0.7130132350919478,True,CS1595
04be61,France,-163.00406843472965,-51.55919290101595,21002.200908211005,540.1843105625321,340.68506141693575,-7.429745206493531,True,CS5368
0496f7,Australia,-139.92151744261741,-53.401588375282756,14898.265691627961,521.8683226315732,18.873353231911572,12.473357829071919,False,CS1449
0a8b9c,Switzerland,59.19581915907244,-77.46495315424596,22591.308237326364,691.102901007131,134.52693773667812,13.858389604037004,False,CS6069
060ad9,Switzerland,-127.28387224448929,-59.496679571650134,32959.02627023651,567.4231919959988,235.66961676333497,-12.004631434177272,False,CS7220
0545e5,Germany,59.45454749985677,50.02780941109134,24959.904954141875,577.2696590023428,294.05131312017295,0.6748100829022778,False,CS5547
05fbc3,United States,-70.22664008913385,-86.19892757273018,23724.136613756426,240.72250512704753,209.8355738508862,2.2289825221555652,True,CS2819
040101,France,-50.8660286597362,27.186668274729215,24169.284970935532,310.73676295680417,96.41945404740345,-9.242345068159091,False,CS3827
06ebb4,India,-143.81018739110942,-47.894823215246966,14838.065634083016,242.53373151009296,104.25925993332127,-4.906444732646623,False,CS2843
0d8817,Australia,103.61346999382442,-68.95237049478393,26096.525679131482,177.08815075956176,211.88386330270396,-2.3178148199139965,False,CS5935
08de3f,Switzerland,-7.852699462183068,24.589591644399803,24029.34806440665,801.8112996900057,224.99098291015721,12.983855965887852,True,CS5471
0bd6a4,United States,157.1893247221559,78.33266226041493,18470.81620592289,474.71910711787126,241.1639717552532,-2.321303191016044,True,CS5348
06cc09,France,8.104366033294923,-89.49627789357572,37092.71135754664,897.3407971148383,157.45648089461906,-6.661350114978058,True,CS7950
0e44dd,Germany,-165.30911963401502,-6.773138290394698,32358.060031817986,594.149686224979,282.75447065532205,0.2228017048499389,False,CS1002
0e4915,Germany,46.59678059281913,2.4090885888240052,20039.189441740753,748.1921887864314,183.02560230370028,-11.104559861144027,True,CS8324
02594f,India,95.19435289477428,-56.96627327892632,11890.95651906537,330.3505588902839,224.61297143904562,8.31505663289688,True,CS1360
02ba45,Switzerland,-82.34342627875957,84.28341387670105,17312.88465192438,874.6581988380836,62.13643361022678,-7.44138969205359,False,CS5231
047b06,Switzerland,-19.114376533681764,-68.61909324431173,36689.99059162462,543.9810259001596,278.45217976513885,14.158482937318293,False,CS6967
0a4f09,Australia,-21.229379625980755,55.04070597183053,36583.0276315356,301.6272395849432,19.58210302320023,-5.802493633741378,False,CS1076
0d8fef,Germany,-92.31587514006807,-59.24763797278649,28016.078294522496,684.0942844567655,330.3084936284203,8.720146325084414,False,CS6406
0adef5,Germany,161.97364745490393,-51.61929976347464,38812.56350853021,404.88235688926983,304.4139874254008,2.77005574250164,False,CS1654
06aa20,India,66.56035237129586,-35.29547921746208,26326.85255993171,661.5458029977823,83.37113028783551,0.44126477957939336,True,CS1682
09d171,United States,42.41350188900023,71.20494607472193,36102.300786732754,218.96370730022383,231.9036112086445,-0.8138870567556236,False,CS6949
0b48f5,United States,-60.03990192029708,-57.04984880819671,10012.791363765873,175.92097503710073,50.447974549005785,4.5594541106864455,False,CS1095
0d70c1,France,-108.31912755817685,3.1087817942067915,37558.955549093465,848.7703978588802,137.67382434907307,4.773155261696665,False,CS5792
0d1ec4,Switzerland,-81.0076191425274,-54.18451386611771,21646.312720836402,251.83645248716272,325.21145411336374,-7.705534119372821,False,CS6070
0d41ce,Switzerland,-10.223690221116897,-37.576417800534635,35026.77257594937,594.0661550125016,88.84681279244079,7.158901981221671,False,CS5121
0b17d9,France,-129.58952842280527,88.37151037850506,24142.896228902166,653.6477105267389,28.713200176762847,14.074857890819924,True,CS3117
08311f,Switzerland,-90.02996116259986,-77.77823709590008,33710.520870156855,357.5629739052695,10.321659357191926,5.973770705364167,False,CS8453
0f0b1d,Australia,8.549588990592895,76.17680221929035,35148.96977116531,844.7193755269843,153.87703060282428,-2.169379081403479,False,CS3506
07b768,France,-19.37292083627665,-36.65014735723303,38422.41144970819,242.19378502821826,280.8166760975334,2.302848382086424,True,CS1050
0362ab,Australia,8.368211926110234,69.16869370149001,17365.33034220726,745.5667294525703,285.18376557166243,3.9822243005212847,True,CS1068
0d9b9e,Germany,-38.55724619553848,-53.768503425824335,39141.97252810393,670.912958819849,127.0330232960676,0.1693128413780478,False,CS3838
0e73f1,Australia,-46.07357269946664,-75.68854477815101,24633.273652430675,655.0817821419852,204.18127682875252,-13.519750532347935,True,CS2318
08faba,India,-5.019700277076424,22.889302154332086,26364.03479760475,761.3012319809544,310.4585821866732,-3.8582628754493307,True,CS5122
0cb6e0,France,102.3440493840476,-13.96811506806651,28778.477053935345,487.9450153878441,278.9333165138821,-9.769563958029487,False,CS5977
0dfec1,Australia,123.09431107147623,56.63565446918233,11876.284706894436,327.30569288753816,291.8107520422019,1.4100283802143707,False,CS3065
01b42a,India,154.095782590272,20.86340680087386,27840.115631456436,551.4478546473078,36.11882213366641,11.578262794128165,True,CS7874
05e60a,Germany,59.67866817309829,-46.73617251367221,21385.582980448184,796.3377274933724,295.9030623031611,10.978104989764073,False,CS7049
05dd9f,United States,-6.754723229569805,-63.5396239475935,34303.20436925828,361.65817952908833,207.12135623743447,-5.309702096137382,True,CS9320
096768,Germany,8.06841214796944,32.859650853144714,25982.795367907736,777.2867576691941,289.8835791865698,12.56649566702869,True,CS4836
021a3c,France,89.37863107178362,89.04915659914897,10486.020580208948,435.29144561147973,182.1782662568484,-12.312318891891415,True,CS5536
0a16a2,Switzerland,41.76519688749562,-10.660232544746364,38766.07938745225,560.7817188310828,233.08465021863472,8.565814550565051,True,CS8765
086eb0,Australia,105.45720199246108,-54.76307552066899,39764.66123249144,534.4673326657452,118.7970697986635,-7.852606861943752,False,CS6417
02f44b,Germany,-55.7962478619137,-48.36298376823997,36989.43255136123,325.43591466672217,65.95054245486239,-9.194752595002655,True,CS1857
051215,Germany,-13.20592392729236,88.20500112706526,25761.46888452352,578.8743058214924,115.06243329744959,5.135627762507358,True,CS3449
0a3aaa,United States,-159.0926611910709,-30.389660078252703,32794.39795678734,408.3130177136372,90.58600918850776,-4.106691293360097,True,CS1162
0755ff,India,63.51391675711028,-54.247619607865424,22080.7230156893,750.7882084555814,128.09497951827873,-3.167162432691912,True,CS1563
0c8506,Switzerland,45.51699150226622,42.38989303101221,33653.911441051896,245.8263200166518,235.34491530903998,6.500655557538565,True,CS9381
0d6898,Australia,-45.29232378520848,65.30654507084432,25321.87167825397,528.4544897647347,337.16346845309295,7.608825279564197,False,CS1946
093c65,Germany,112.74197111479589,-9.004483594873165,21622.947228089615,405.84610894170964,10.643418938280554,-2.7669845924125767,False,CS6508
0d5bbe,India,58.99898909162195,-84.4077302069091,10267.643902615304,181.09934434801096,301.6531274103138,-5.289904367522308,True,CS7073
0ba0dc,France,43.59612043414302,26.474628308730786,39694.987740571916,413.7368927446477,122.77305359412499,9.134799902271077,False,CS6386
0f1d57,India,66.9570364538921,-18.409256747021004,29765.90574218471,481.7889576980786,228.38518621897074,-6.431251025774058,True,CS7676
0ec237,Switzerland,85.37364631187182,-18.011861956965518,19953.55221982087,462.14434168244736,124.27520580035048,-14.046357869219989,False,CS9344
093d40,Australia,164.82005350393695,69.54912781593154,38044.551619883256,271.48959803047154,199.69553676043606,0.3880193765885238,True,CS5862
045141,India,159.32089163507948,-43.00379617749608,26174.0671512408,283.10814684372434,337.05450345294605,4.803092245140132,True,CS2576
0eeca1,India,78.63464213075696,-22.50969678519604,34058.620798119686,215.1103416231104,275.263706339664,-13.847164764126482,True,CS1703
0563e4,Australia,154.4007030337911,-69.85334366181182,19128.368338118667,398.2996604714355,46.64494486528398,-5.863500734629492,False,CS8955
099818,Switzerland,-57.59795401146425,40.0615586405855,30665.191576335557,183.3476194876822,25.44613515983904,-7.468150953558004,True,CS6367
0ee79f,Switzerland,-179.18630096591812,-88.01846624110784,30972.756677882735,368.7443828400676,242.43553988508063,-14.44783587947568,True,CS3541
0b651b,France,-88.2811136446706,-9.245599206476157,10233.43512405612,508.1978997386374,117.00525031575467,-4.814184104086069,True,CS5027
0646d8,United States,78.3029617615411,-78.60332051953903,18781.478605836954,745.5738097857944,75.81442372163475,12.279028114178846,False,CS9369
0d2567,Australia,-147.42008535919052,-4.22798491026785,13422.25210038027,176.59385608677493,212.59644859421442,11.29827413469691,True,CS6430
04be9c,Australia,-74.01001314678251,68.98254391520564,34413.65045757157,205.16591423950646,347.43148100141286,-14.66226693861532,False,CS8372
073659,France,135.2340396168567,-36.55167913595382,14010.074670356717,732.9744106459714,179.1326180424039,4.018850233345919,True,CS1008
0674be,Germany,-133.89134486308885,48.385944970892155,24069.969630394255,619.52727791373,152.923350520551,-5.861285938845281,True,CS7638
0478de,Switzerland,-177.49755304287152,-20.739937012183972,12496.804470479801,329.13602898562044,252.62197157836627,11.938480723881629,True,CS1789
082b80,Australia,-94.9829594332844,34.38643060294231,10183.419245161556,506.4906366052046,235.55849393297032,-3.4192623550402654,True,CS4610
098ac9,Germany,169.67052218709927,-38.247596001624714,18230.80071979491,515.0622530205626,13.062404259978267,-6.597497285526634,True,CS9446
034cb8,Australia,1.2507995696104501,-79.98996530733979,20870.63443173644,582.7994111238316,136.02325386381122,2.8390586808621237,True,CS3226
0c77b6,United States,-87.99138334194573,-78.69985717714717,36824.44718973315,614.5226951689001,281.8903346750153,-5.876026411746928,True,CS5484
0dcc18,France,150.13824798712528,-72.95925819089751,21820.586494252682,475.5257443411674,221.94975452092302,-5.185044963090009,True,CS6952
0be842,Switzerland,29.622976091877945,-78.39039148932108,34306.73669173018,803.826454760637,9.65524522735371,7.996890189241373,True,CS1304
0737dd,Germany,-94.80687433224104,12.190246389975812,14909.266205325823,479.64947279975576,82.95221041599646,5.449866236210276,False,CS7515
08481b,India,73.71863062305866,-15.153171667640834,36578.25006378364,319.84187376915173,92.69462516964651,-0.26904850464197594,True,CS8551
0e9cd2,Switzerland,126.33025782551596,43.807093387373385,26080.342843636066,486.19097981265793,244.9151556900434,9.237147811194287,True,CS9087
06cfb5,Germany,-46.29099884260194,-10.894417146639157,36381.92644955611,613.3672730550635,289.45056911838657,-4.453653008390809,False,CS6831
089341,Germany,89.1999722267696,63.136222575217715,15635.182737496938,832.2662651295378,7.987740282868836,-10.82393020600517,True,CS3645
0d1cf8,India,30.5204369044136,-61.31901954975731,32957.384678677416,396.386660309724,131.23044206968888,14.914987808979678,True,CS4481
04e24a,Australia,19.720833389261088,39.33095337779932,29840.87045685772,448.2338761279703,175.2095287274107,-4.213374548232345,True,CS6892
022058,Switzerland,80.51818308344309,82.83704315166327,31311.979030280985,877.1797416704757,337.86354668975525,0.06427956363525844,True,CS1059
05f9de,Germany,-153.81413981426672,40.65501409531396,10770.84242030067,852.5524107598328,158.05272694872093,-3.1168731934510223,True,CS6164
09884e,Germany,108.14163070452929,-27.56320620352453,18244.32401052951,777.1926749361758,152.20222591275825,7.426422598567612,False,CS3415
0898cb,India,59.08762228739059,26.5365917308238,21006.184238862457,565.9961538072312,189.119489783172,7.198207548082539,True,CS4796
0502fe,Germany,-47.589984318073874,81.29349414817975,37410.08297354779,490.4217777101938,146.4250505220153,-1.4792036452533175,False,CS8836
0d8ef0,Germany,-119.64611377048044,45.661522110060474,20665.155779882873,248.913639130806,112.12662402364042,1.288088897078449,False,CS5785
0b7aa1,India,163.30622315269642,88.28572097169169,10379.128054453753,619.5980645706628,355.4672072178262,-10.94731058484589,True,CS5952
0ddaf0,Germany,127.57335594462637,79.98145864515615,19339.693641586928,747.6109473991601,104.48857204378872,-0.6090389464647963,True,CS9763
09e2d8,India,28.374215890658064,4.233687390192117,12717.34447397438,662.4326633487003,331.31254183133194,11.265438845107884,False,CS7976
0d34df,Australia,75.24004232153342,-36.594856302574776,32108.296546260823,153.48964938767554,152.3840049350369,1.3856438233316801,False,CS4367
05ac5f,Germany,58.15311063271511,-73.55686530744009,19625.637356788586,883.0468813332379,279.17367635980395,11.015756948926462,True,CS7067
0d785f,Australia,37.949820696703256,-40.73017025075176,35655.69486115067,734.6267908336303,36.56929855820737,0.07607937754345073,True,CS3854
0d0353,France,-163.32132718158627,-52.47763640419091,11709.125694491293,520.5883695860149,338.5808758149795,-8.616074625637264,True,CS4329
0730e3,India,133.03000317851064,-55.90443381219979,11681.886654965743,758.0852950215539,218.99140205745812,-2.9389300881594203,True,CS2594
0a92c1,France,47.59065796080279,89.62688295692129,18351.12324207307,261.21992288966385,61.703747775718675,-3.8056781771065733,True,CS5802
0606c8,India,-135.1825366975997,19.493730060212613,22363.12583345228,731.6801084718103,34.29077944380221,6.901670983499589,True,CS7805
0a929e,United States,-10.36265048914538,-28.544102265636944,20345.27463070102,595.8578207072418,35.072399355386935,-9.792113532420206,False,CS8043
036615,Germany,147.7232148160188,61.755368815995524,35946.26275562207,667.796802078233,331.92742979163006,-1.8760726693530714,False,CS1844
0ec1ba,Australia,-107.43200423047062,-73.10886743519404,20297.062494811962,449.63819358008726,266.7031905255897,11.988510654794354,True,CS4496
069b0d,India,141.85637520118888,10.311518450033248,11937.514707600481,366.6166410396691,272.4427640182691,10.630807414212558,True,CS7505
0efd62,France,52.74073285263776,23.67879991145503,18688.03161135479,717.861735920408,331.27881594292046,9.519783774890062,False,CS7618
09b88d,Germany,-1.025415036658444,-20.737582594565268,24485.123590184223,353.9324373112304,110.90572899149313,7.641586563765621,True,CS5158
0c82ce,Switzerland,104.1955462813782,-3.8187732938931305,17594.963119401677,712.1992781647087,180.10365035934137,5.922944729465012,True,CS3278
076dc1,Switzerland,158.76791871140733,80.7651861519204,14339.966653681491,513.7114526437277,172.2525439136393,5.870667525501876,True,CS2632
0ee301,Switzerland,-13.833313332559271,76.78621074942313,29561.427652863673,174.8824481571973,33.226362139671934,7.145115969548552,True,CS4136
09f2d0,Australia,144.53380972750676,39.17502201301363,12992.378652737025,443.7746353588632,167.1256423199765,9.174039659464746,False,CS1807
09b43b,India,131.05691375545115,-9.25242741945091,23606.248465656296,439.82929389326057,100.01312261408137,-14.002924951320706,True,CS7032
0d134d,France,0.2806889805628714,35.124650718108086,21740.928297740076,875.4859731436378,62.46041419134857,14.003250624691045,True,CS2636
062cf4,United States,-111.50760032476475,-53.74024201036313,11070.7099905106,510.7849858310208,216.5184897699258,10.632821421782769,False,CS6602
0ad88f,Australia,-176.46342654921793,-56.62482335567231,17549.13680649203,805.9446901688294,299.7846599336267,-4.4568746287753775,False,CS9978
07ce46,France,-7.017321481674969,38.94933304254252,33305.97694919061,566.051303269927,274.5485230301514,13.907853959920867,False,CS8875
0e2d05,Switzerland,-85.79741979107379,-48.20363665455134,37600.2258322704,490.9396109888184,104.59687670299915,-13.53687798802379,True,CS4616
0529ab,France,100.98928656423061,66.45820867089637,10165.403983338467,172.67013252016966,84.12720509694854,1.0364201032080906,False,CS7575
0989a8,Australia,-60.70726720115647,-79.99191452375919,29776.10237882728,818.003153338138,126.93111998611182,4.807459907750712,True,CS7251
036c6b,India,-3.5031903372617137,49.063081664422214,23255.154742993345,211.43893163811956,14.632754054673587,13.13504299321535,True,CS7026
020a5b,France,13.580305940357562,-28.17126322774658,28787.160918915728,646.2736201005305,187.38521782833493,-6.521311838067609,False,CS3593
0bef5e,Germany,141.992316712655,-48.69403222553236,23276.462151909996,553.090046282191,59.38266999413207,7.4761560762374515,True,CS7134
038a4c,India,-52.40222915399775,-13.65472224931176,20731.39734165716,533.9604208451954,5.873363795487015,11.986284261216085,True,CS4123
0483c7,Switzerland,144.68931692230655,82.17888270870924,24400.355116631716,832.5267267337495,34.02995267323696,3.2376255746987646,True,CS7686
01d6ba,United States,105.79291209038388,40.81877261295085,33598.23964897413,821.1482748316611,288.34235283137366,-0.6968962412452111,False,CS4718
0856db,Switzerland,171.3414112194327,45.83685833498191,23668.26230523752,822.1178544143877,41.19346240368367,13.290529559967059,False,CS5794
